date,n,long,short,long_ret,short_ret,ls
2007-06-30,20,"4100,5400,C200,D000,N000,O000","1000,2000,G000,M000,P000,S000",0.17114058853446856,0.12644598953170894,0.04469459900275963
2007-07-31,20,"1000,C100,C200,D000,M000,V000","2000,4100,C300,H000,I000,N000",0.18896816332590846,0.25003909316015266,-0.0610709298342442
2007-08-31,20,"C100,C300,D000,M000,N000,S000","1000,5400,5800,C200,H000,I000",-0.13814188231054783,-0.09680763629117095,-0.04133424601937688
2007-09-30,21,"1000,2000,M000,N000,O000,S000,V000","C100,C200,C300,C400,D000,F000,H000",0.071153352660797,0.013634179402468182,0.05751917325832882
2007-10-31,21,"1000,2000,C100,C400,M000,N000,O000","5400,5800,C200,D000,F000,I000,P000",-0.08011418008858238,-0.06155067526420564,-0.018563504824376742
2007-11-30,21,"2000,4100,5400,C300,N000,O000,V000","5800,C100,C400,D000,H000,I000,M000",-0.1467798360721547,-0.1442152548916549,-0.002564581180499792
2007-12-31,21,"2000,3000,M000,N000,O000,P000,V000","4100,5400,C100,C400,F000,G000,I000",-0.03270588690322056,-0.04968592401394255,0.01698003711072199
2008-01-31,21,"4100,5400,C300,H000,M000,N000,O000","2000,C100,D000,F000,G000,I000,V000",-0.11349024246436974,-0.156664905994887,0.04317466353051726
2008-02-29,21,"1000,2000,3000,M000,P000,S000,V000","4100,C100,C300,C400,D000,G000,H000",0.16304482089517452,0.18609905424939563,-0.023054233354221104
2008-03-31,21,"1000,2000,C100,C400,M000,O000,S000","3000,4100,5400,5800,C200,I000,V000",0.07195361040214339,0.03435852090621515,0.03759508949592824
2008-04-30,21,"1000,C100,C400,D000,H000,N000,O000","5400,C200,G000,I000,M000,P000,V000",0.07533811758510885,0.05610639539672556,0.019231722188383288
2008-05-31,21,"4100,5800,C100,C400,D000,F000,I000","1000,2000,3000,N000,O000,P000,V000",-0.10771021645036494,-0.035919122028104065,-0.07179109442226086
2008-06-30,21,"1000,2000,5400,M000,N000,O000,S000","C100,C200,C300,C400,D000,H000,I000",-0.14433187374354373,-0.18305081451269106,0.038718940769147336
2008-07-31,21,"2000,C100,C300,C400,M000,N000,O000","1000,3000,D000,F000,G000,H000,I000",-0.006194115565737414,-0.01370724267631181,0.007513127110574396
2008-08-31,21,"4100,5800,C100,C300,C400,D000,H000","2000,F000,M000,N000,O000,S000,V000",-0.014358790776986898,-0.026102359905957183,0.011743569128970285
2008-09-30,21,"3000,5400,C100,D000,F000,G000,I000","1000,2000,C300,C400,M000,N000,O000",-0.24841741110056145,-0.23421850117888235,-0.014198909921679104
2008-10-31,21,"3000,C200,C300,N000,O000,P000,V000","1000,5800,C100,C400,D000,H000,S000",-0.07458892781469519,-0.07065790520754137,-0.00393102260715382
2008-11-30,21,"1000,4100,C100,C300,C400,M000,N000","3000,5800,F000,G000,H000,S000,V000",-0.017895862999143503,-0.07115479647683477,0.05325893347769127
2008-12-31,21,"1000,2000,C100,M000,N000,O000,S000","4100,5400,D000,F000,G000,I000,V000",0.03066391722691533,0.031044875756836992,-0.0003809585299216628
2009-01-31,22,"1000,4100,5800,6000,C100,C400,D000","3000,C200,C300,H000,N000,O000,S000",-0.03704995412259649,-0.06546342561924919,0.028413471496652694
2009-02-28,22,"4100,6000,D000,G000,H000,I000,O000","1000,2000,C100,C200,C300,C400,N000",0.07638205780226102,0.028307081492411606,0.048074976309849415
2009-03-31,22,"5800,6000,D000,F000,G000,H000,I000","2000,C300,M000,N000,O000,S000,V000",0.18505843262992647,0.2506324134560041,-0.06557398082607765
2009-04-30,22,"5400,6000,C100,C400,F000,P000,V000","1000,5800,C300,D000,H000,M000,N000",0.12905842487013497,0.15158718982481462,-0.022528764954679648
2009-05-31,22,"4100,C300,C400,G000,H000,M000,O000","1000,2000,5400,6000,C200,S000,V000",0.0932244478239582,0.15792637514926325,-0.06470192732530505
2009-06-30,22,"2000,4100,6000,D000,G000,H000,S000","5400,C100,C200,C300,C400,N000,V000",-0.10174015105964553,-0.05436491217096039,-0.04737523888868513
2009-07-31,22,"C200,C400,G000,M000,N000,O000,V000","2000,4100,5800,6000,C300,D000,H000",0.13959133774239316,0.1632631139322547,-0.02367177618986155
2009-08-31,22,"6000,C100,C300,D000,F000,H000,I000","1000,2000,5800,M000,N000,O000,S000",-0.04306938702556372,-0.012779015090121028,-0.030290371935442692
2009-09-30,22,"1000,2000,5800,C200,I000,N000,O000","4100,6000,C100,C300,C400,D000,V000",0.08778239151155187,0.0866199669984542,0.0011624245130976707
2009-10-31,22,"4100,5400,F000,G000,H000,I000,N000","1000,5800,6000,C300,C400,M000,O000",0.0304762469264788,0.021841369902074866,0.008634877024403933
2009-11-30,22,"3000,5400,C200,M000,O000,P000,S000","2000,4100,6000,C100,C300,C400,D000",0.058522748065982545,0.09802679862784047,-0.03950405056185793
2009-12-31,22,"2000,3000,5400,C100,D000,P000,V000","1000,6000,C200,C300,C400,N000,O000",0.11594097259460287,0.12041390510978123,-0.004472932515178357
2010-01-31,22,"5400,5800,6000,C200,D000,F000,I000","1000,2000,C100,C400,M000,N000,O000",-0.08883496585306247,-0.07723582079867519,-0.011599145054387278
2010-02-28,22,"2000,C200,G000,M000,N000,O000,P000","5800,6000,C100,C300,C400,D000,H000",-0.00960381177970589,-0.017625622846008958,0.008021811066303067
2010-03-31,22,"2000,6000,C100,C300,N000,O000,P000","1000,4100,5800,C400,D000,H000,S000",0.12485170437262214,0.13191395976363185,-0.007062255391009714
2010-04-30,22,"3000,5800,C100,C200,H000,I000,V000","1000,2000,C300,C400,M000,N000,O000",0.04026020743397065,0.025602188617004744,0.014658018816965906
2010-05-31,22,"3000,C100,C200,C300,I000,O000,P000","1000,2000,4100,6000,D000,H000,V000",-0.06790881473476552,-0.09456991549883384,0.026661100764068316
2010-06-30,22,"1000,4100,5800,C100,C300,S000,V000","2000,6000,C200,C400,G000,H000,O000",0.02773717037234197,0.004289119203183035,0.023448051169158938
2010-07-31,22,"1000,3000,5800,C200,H000,M000,O000","4100,6000,C300,C400,F000,G000,N000",0.10097070384645312,0.06599901876483064,0.03497168508162249
2010-08-31,22,"1000,4100,6000,C200,C400,M000,P000","3000,5800,C100,C300,D000,H000,O000",-0.02385213718820983,-0.012807407082190667,-0.011044730106019161
2010-09-30,22,"2000,5800,C100,C300,H000,N000,O000","4100,5400,6000,C400,D000,F000,I000",0.07812644961695672,0.09760682154373698,-0.01948037192678026
2010-10-31,22,"4100,5400,C100,C400,D000,I000,O000","1000,2000,3000,6000,C200,C300,P000",-0.024285068431175207,0.020053482476216737,-0.044338550907391944
2010-11-30,22,"2000,C300,N000,O000,P000,S000,V000","4100,C100,C400,D000,F000,H000,I000",-0.019769319003277004,-0.021419079583577815,0.001649760580300811
2010-12-31,22,"1000,C100,C400,M000,N000,O000,P000","2000,5800,6000,C200,F000,G000,I000",0.020377807908345934,0.029923563495443766,-0.009545755587097832
2011-01-31,22,"2000,5400,C200,F000,N000,O000,P000","4100,6000,C100,C300,C400,D000,M000",-0.005934780376059996,-0.003946509391424842,-0.001988270984635154
2011-02-28,22,"C100,D000,G000,H000,I000,N000,O000","1000,3000,C200,C300,C400,M000,V000",-0.03151168376711598,-0.03816668549178585,0.0066550017246698664
2011-03-31,22,"6000,C200,C300,H000,N000,O000,P000","1000,4100,5400,5800,D000,S000,V000",0.019050782372745798,-0.010539550275330878,0.029590332648076676
2011-04-30,22,"1000,2000,5800,C300,H000,N000,O000","5400,6000,C100,C200,C400,D000,V000",0.03942135492791634,0.048952569479040434,-0.009531214551124094
2011-05-31,22,"1000,C100,C400,M000,N000,P000,S000","4100,6000,C300,D000,F000,G000,H000",-0.014751486992222406,-0.0019688567223785244,-0.012782630269843881
2011-06-30,22,"1000,3000,4100,5400,6000,D000,P000","2000,C100,C300,C400,M000,N000,O000",0.046717880624169435,-0.029229986076040135,0.07594786670020957
2011-07-31,22,"1000,2000,5400,5800,6000,M000,N000","C100,C200,C400,D000,G000,H000,P000",0.03935509955854607,-0.004772815076672728,0.0441279146352188
2011-08-31,22,"1000,C100,C300,N000,O000,P000,V000","4100,5400,C200,D000,F000,G000,I000",-0.09961565714058437,-0.09847788064993701,-0.001137776490647363
2011-09-30,22,"1000,5400,5800,C300,D000,M000,O000","4100,6000,C400,F000,I000,N000,P000",-0.06939318405091813,-0.08934581091126506,0.019952626860346934
2011-10-31,22,"2000,4100,5800,D000,F000,I000,N000","1000,6000,C100,C400,M000,O000,P000",0.026383198131307,0.05307192963780251,-0.02668873150649551
2011-11-30,22,"1000,C100,C300,C400,M000,N000,O000","2000,4100,C200,D000,H000,I000,V000",-0.11733359835571068,-0.13116079130085875,0.013827192945148073
2011-12-31,22,"1000,2000,3000,5400,5800,C400,G000","6000,C100,C300,D000,H000,I000,V000",0.009688235706292356,0.0397265405562928,-0.030038304850000447
2012-01-31,22,"4100,C100,C300,C400,D000,O000,V000","2000,5800,G000,H000,M000,P000,S000",0.06420374645023895,0.0690213645807184,-0.004817618130479456
2012-02-29,22,"4100,C100,C400,D000,G000,H000,P000","1000,2000,C200,C300,M000,N000,V000",0.12669031076792445,0.10534939671317453,0.021340914054749915
2012-03-31,22,"4100,6000,C100,D000,F000,G000,I000","1000,C300,C400,M000,N000,O000,S000",-0.044801119627045534,-0.04308220924084309,-0.0017189103862024421
2012-04-30,22,"5800,C200,F000,G000,H000,P000,S000","2000,6000,C300,C400,M000,O000,V000",-0.07566862209427892,-0.058939900947155,-0.016728721147123926
2012-05-31,22,"1000,3000,5400,C300,M000,N000,O000","6000,D000,F000,G000,H000,I000,V000",-0.004073278118423167,-0.023062296502536734,0.018989018384113567
2012-06-30,22,"5400,6000,C100,C300,C400,F000,H000","2000,3000,C200,N000,O000,S000,V000",0.026122442471462358,0.004842350170189919,0.021280092301272438
2012-07-31,22,"3000,C200,C400,H000,O000,S000,V000","2000,4100,5400,6000,C100,G000,P000",-0.008067474914440344,-0.009919009976151433,0.001851535061711089
2012-08-31,22,"1000,4100,5800,M000,N000,O000,S000","6000,C300,C400,D000,F000,G000,V000",0.026313921008508732,0.03727522721415028,-0.01096130620564155
2012-09-30,22,"6000,C100,C200,C300,F000,H000,I000","1000,5400,M000,N000,O000,P000,V000",0.05486199651015946,0.059008085102390244,-0.004146088592230784
2012-10-31,22,"1000,4100,C100,C300,G000,H000,S000","5800,6000,C400,D000,F000,I000,V000",-0.09569766015437255,-0.14563898646835746,0.049941326313984916
2012-11-30,22,"1000,2000,C200,C300,M000,N000,V000","4100,5400,5800,6000,C400,D000,F000",0.03848008377470202,0.02295869697844566,0.015521386796256365
2012-12-31,22,"2000,4100,C100,F000,G000,H000,I000","1000,3000,C300,C400,M000,N000,V000",0.06355126282780667,0.062273833013463856,0.001277429814342812
2013-01-31,22,"4100,5400,6000,C100,C400,I000,S000","1000,2000,C200,C300,M000,N000,V000",0.02389783185835493,0.00010811234958396315,0.023789719508770967
2013-02-28,22,"3000,5400,D000,I000,N000,P000,S000","1000,2000,6000,C300,C400,G000,M000",0.020753509209551203,0.050237922230387276,-0.029484413020836073
2013-03-31,22,"3000,6000,C100,C200,C400,D000,P000","1000,C300,I000,N000,O000,S000,V000",0.013111130495301401,0.019664472555181316,-0.0065533420598799155
2013-04-30,22,"3000,6000,D000,F000,G000,I000,M000","1000,4100,C100,C300,C400,N000,O000",0.02278663938925543,-0.015883634193206115,0.03867027358246154
2013-05-31,22,"5400,6000,D000,I000,M000,N000,O000","5800,C100,C300,C400,G000,H000,V000",0.04243944768495729,0.06742030336073108,-0.024980855675773794
2013-06-30,22,"2000,6000,C100,C300,D000,F000,P000","1000,5400,5800,C400,M000,N000,O000",-0.02626516873301173,0.01320423601726287,-0.0394694047502746
2013-07-31,22,"4100,5400,5800,C200,C400,N000,O000","6000,C100,C300,D000,G000,H000,V000",0.053547300219834844,0.0375776614101092,0.015969638809725642
2013-08-31,22,"2000,3000,6000,C200,N000,P000,V000","C300,C400,D000,F000,G000,H000,I000",0.006121404509977568,0.012267920258112242,-0.006146515748134673
2013-09-30,22,"1000,4100,5400,C100,C300,I000,P000","2000,C200,D000,M000,N000,O000,V000",0.04158762027541385,0.04233069573923131,-0.0007430754638174594
2013-10-31,22,"3000,C100,C300,C400,D000,I000,P000","2000,4100,5800,6000,G000,H000,S000",0.030580689203278704,0.03945207697688678,-0.008871387773608078
2013-11-30,22,"2000,5400,6000,C100,M000,O000,S000","3000,C300,C400,D000,G000,H000,I000",-0.013991742939272913,-0.010201269374296674,-0.0037904735649762385
2013-12-31,22,"1000,2000,6000,C200,C300,P000,V000","4100,5400,C100,F000,H000,I000,S000",0.03712952108139238,0.06302874847346698,-0.025899227392074606
2014-01-31,22,"4100,5400,6000,D000,F000,I000,P000","1000,C100,C300,C400,M000,N000,O000",0.009852970487249504,-0.0259694744591123,0.0358224449463618
2014-02-28,22,"4100,5400,C300,D000,F000,G000,I000","1000,6000,C400,N000,O000,S000,V000",0.0894363649933957,0.08517241000775037,0.00426395498564533
2014-03-31,22,"6000,C100,C200,C300,C400,D000,P000","2000,5400,H000,M000,N000,O000,S000",0.006215608199767723,0.018710251879011215,-0.012494643679243491
2014-04-30,22,"5800,6000,C400,D000,M000,S000,V000","2000,3000,4100,F000,I000,N000,O000",-0.03878892519472054,-0.07322520677437774,0.0344362815796572
2014-05-31,22,"1000,3000,5400,C100,D000,N000,O000","2000,6000,C200,C300,C400,H000,S000",0.028152189531114067,0.0550878316230903,-0.02693564209197623
2014-06-30,22,"4100,6000,C100,D000,F000,I000,P000","1000,C300,H000,M000,N000,O000,S000",0.04082134772078342,0.04775873782947696,-0.006937390108693542
2014-07-31,22,"5800,6000,C300,C400,D000,M000,N000","2000,3000,F000,G000,H000,I000,V000",0.0524559108574603,0.011841113281554723,0.040614797575905574
2014-08-31,22,"2000,4100,5800,C300,H000,M000,V000","3000,6000,C100,C200,D000,I000,P000",-0.051208517992574885,-0.01949598301590059,-0.0317125349766743
2014-09-30,22,"1000,2000,C200,F000,N000,P000,S000","3000,5800,C100,C400,H000,M000,O000",-0.025970705671926768,-0.02304451264773064,-0.0029261930241961283
2014-10-31,22,"1000,2000,5800,C100,H000,M000,V000","4100,5400,6000,C400,I000,O000,P000",-0.051481853279540316,-0.05377500529221562,0.002293152012675305
2014-11-30,22,"1000,2000,6000,C200,C400,O000,V000","3000,4100,C100,D000,G000,H000,P000",-0.006775534501650394,-0.005799162350771345,-0.0009763721508790485
2014-12-31,22,"D000,F000,G000,M000,P000,S000,V000","2000,6000,C100,C300,C400,H000,N000",0.06939740840833697,0.06296222202291961,0.00643518638541736
2015-01-31,22,"4100,5400,6000,C100,D000,F000,I000","1000,2000,C300,C400,M000,N000,V000",0.025196149061247487,-0.003979145505574118,0.029175294566821604
2015-02-28,22,"3000,4100,5800,C300,G000,H000,I000","2000,C100,C400,D000,N000,S000,V000",-0.0020311507524694706,0.00039332320761017233,-0.002424473960079643
2015-03-31,22,"4100,C200,D000,F000,N000,O000,P000","2000,3000,5400,6000,C100,C300,H000",0.0047981835844887735,-0.007022775231635315,0.011820958816124088
2015-04-30,22,"1000,2000,4100,C400,I000,M000,V000","C100,C300,G000,H000,N000,O000,S000",0.0017121965493745578,0.027716898452012893,-0.026004701902638334
2015-05-31,22,"2000,3000,5800,N000,O000,P000,V000","4100,6000,C300,C400,D000,F000,I000",-0.05412967586947231,-0.030435638817426496,-0.023694037052045813
2015-06-30,22,"1000,4100,6000,D000,I000,N000,V000","2000,5800,C300,C400,G000,P000,S000",-0.023792944932262694,-0.04148436007864923,0.017691415146386537
2015-07-31,22,"2000,3000,5800,6000,C200,N000,S000","1000,C100,C300,C400,F000,G000,H000",-0.07223822124806072,-0.07454588059840742,0.0023076593503466997
2015-08-31,22,"1000,2000,5800,C100,C300,M000,O000","4100,C400,D000,F000,G000,H000,I000",-0.051647610443386394,-0.08648764203594499,0.03484003159255859
2015-09-30,22,"1000,2000,C200,G000,O000,P000,V000","4100,5400,C100,C400,D000,H000,N000",0.06293181849579339,0.1070883378606339,-0.04415651936484051
2015-10-31,22,"4100,C100,C300,C400,F000,I000,V000","1000,5800,6000,H000,N000,O000,P000",0.10540535227221326,0.06389619540194451,0.04150915687026875
2015-11-30,22,"4100,5400,6000,C400,D000,H000,N000","1000,2000,5800,C100,C300,M000,V000",-0.029007351469856946,-0.0005638978078144331,-0.02844345366204251
2015-12-31,22,"3000,4100,6000,C100,C300,C400,V000","1000,5400,G000,H000,N000,O000,S000",-0.0058618606787182405,0.0035088411348092657,-0.009370701813527506
2016-01-31,22,"3000,5400,6000,D000,H000,M000,O000","1000,2000,C200,C300,C400,P000,V000",-0.03128244960767841,-0.05186931816380474,0.020586868556126327
2016-02-29,22,"3000,5400,5800,D000,I000,N000,P000","2000,6000,C100,C400,H000,O000,V000",0.03075126755914265,0.046662439088485726,-0.015911171529343075
2016-03-31,22,"3000,6000,G000,H000,N000,P000,S000","4100,5400,5800,C100,C300,C400,V000",0.02680394021455051,0.014216861469214996,0.012587078745335515
2016-04-30,22,"2000,3000,4100,C100,C300,F000,N000","6000,C400,G000,H000,M000,S000,V000",-0.03275426754740475,-0.04037122702281744,0.007616959475412688
2016-05-31,22,"1000,2000,3000,C200,M000,O000,P000","6000,C100,C300,C400,D000,G000,I000",0.0030055296674123028,0.002403447669960377,0.0006020819974519257
2016-06-30,22,"4100,5400,5800,C100,C300,M000,V000","1000,2000,3000,6000,H000,O000,S000",-0.0007164378790816326,0.010473963452618659,-0.011190401331700291
2016-07-31,22,"2000,4100,5400,F000,G000,H000,M000","5800,6000,C100,C300,C400,N000,O000",0.060448467379960326,0.02702839309816681,0.03342007428179351
2016-08-31,22,"5400,6000,C400,D000,F000,G000,H000","2000,5800,C100,C200,C300,M000,V000",0.02709039478190137,0.007238879807489747,0.01985151497441162
2016-09-30,22,"1000,3000,4100,5800,F000,G000,P000","2000,6000,C100,C300,C400,N000,O000",-0.006733153836950869,0.012425333970892068,-0.019158487807842937
2016-10-31,22,"C100,C300,C400,F000,M000,N000,V000","1000,2000,4100,5400,5800,6000,P000",-0.02826033770463612,-0.0060550637881805315,-0.02220527391645559
2016-11-30,22,"1000,2000,5800,F000,N000,O000,S000","4100,5400,6000,C100,C400,I000,P000",-0.003687705067747771,-0.012760141132705608,0.009072436064957837
2016-12-31,22,"2000,4100,5400,M000,N000,O000,S000","3000,6000,C100,C200,D000,G000,P000",0.0186623572756701,0.01176404401413587,0.006898313261534228
2017-01-31,22,"2000,6000,F000,G000,I000,N000,P000","1000,C100,C300,C400,M000,S000,V000",0.06025449526372528,0.02393094148970214,0.036323553774023146
2017-02-28,22,"2000,3000,4100,F000,H000,O000,V000","1000,5800,6000,C100,C300,C400,N000",0.03458316483281275,0.07880702504053008,-0.04422386020771733
2017-03-31,22,"2000,4100,5800,C100,H000,I000,S000","3000,6000,C300,M000,N000,O000,V000",-0.0021820838979432354,0.0058610830710827035,-0.008043166969025939
2017-04-30,22,"5400,6000,D000,F000,G000,I000,M000","2000,C100,C300,C400,N000,O000,V000",-0.006604448192179103,-0.017580349664818008,0.010975901472638905
2017-05-31,22,"4100,5800,C200,D000,F000,M000,N000","1000,2000,6000,C100,C300,C400,O000",0.013459032370621985,-0.010676305405461804,0.024135337776083787
2017-06-30,22,"3000,4100,5400,C200,C300,M000,N000","1000,2000,6000,C100,C400,O000,V000",0.023697092902045327,0.023046379992546023,0.0006507129094993035
2017-07-31,22,"2000,4100,C300,C400,O000,P000,V000","3000,5800,6000,C200,G000,H000,I000",0.02030985221573271,-0.005507182821166273,0.025817035036898982
2017-08-31,22,"2000,4100,C400,D000,I000,O000,P000","5400,6000,C100,C200,G000,M000,V000",0.03310464061054295,0.01618400178527224,0.016920638825270708
2017-09-30,22,"2000,5800,C200,F000,G000,H000,P000","5400,6000,C100,C400,N000,O000,V000",-0.005915699340591684,-0.006850146385734142,0.0009344470451424581
2017-10-31,22,"3000,4100,5800,D000,G000,I000,P000","5400,C100,C300,C400,H000,O000,V000",0.00044480241811563446,0.0018237517834565713,-0.0013789493653409367
2017-11-30,22,"5400,D000,F000,H000,P000,S000,V000","2000,3000,5800,6000,C100,C400,I000",0.01075700929289719,0.03429133946319224,-0.023534330170295048
2017-12-31,22,"4100,5800,C300,G000,H000,I000,O000","1000,2000,3000,5400,6000,C100,C400",0.011610477432132536,0.03175412373023258,-0.020143646298100042
2018-01-31,22,"1000,2000,I000,N000,O000,P000,S000","4100,5800,C100,C300,C400,D000,F000",0.006000899435781864,0.012007488375975884,-0.00600658894019402
2018-02-28,22,"1000,6000,C100,D000,F000,N000,P000","2000,3000,4100,5800,I000,M000,S000",-0.012812422565578475,-0.021961073817024935,0.00914865125144646
2018-03-31,22,"1000,2000,5800,F000,N000,P000,S000","4100,5400,6000,C300,C400,D000,I000",0.002708657589305751,0.05392039865640499,-0.051211741067099234
2018-04-30,22,"C100,C200,C300,C400,D000,S000,V000","1000,2000,6000,G000,M000,O000,P000",2.496040589572052e-05,-0.02359028172483022,0.023615242130725942
2018-05-31,22,"1000,2000,C300,C400,M000,N000,O000","4100,5400,C200,D000,F000,G000,H000",-0.010975704621611486,0.006221631870956658,-0.017197336492568143
2018-06-30,22,"1000,4100,D000,F000,G000,H000,V000","2000,6000,C100,C200,C300,C400,P000",-0.0002967588826980968,-0.012944990194492844,0.012648231311794747
2018-07-31,22,"1000,5800,D000,F000,I000,O000,V000","2000,3000,6000,C100,C300,C400,H000",0.010745198647739993,0.01070035494060273,4.484370713726295e-05
2018-08-31,22,"1000,2000,5400,6000,N000,O000,V000","4100,5800,C100,C300,C400,D000,I000",0.01957575837775572,-0.03040341112819651,0.04997916950595223
2018-09-30,22,"1000,2000,5400,6000,H000,N000,O000","3000,C100,C300,C400,D000,S000,V000",-0.01908534925032373,-0.005184122387872741,-0.013901226862450988
2018-10-31,22,"2000,C100,C400,M000,N000,O000,S000","6000,C300,D000,F000,G000,H000,I000",-0.12797540695638096,-0.12986892985178558,0.0018935228954046202
2018-11-30,22,"5400,C200,I000,M000,P000,S000,V000","2000,5800,6000,C300,C400,D000,G000",0.05673763450545164,0.06602723967454409,-0.009289605169092448
2018-12-31,22,"4100,6000,C300,C400,D000,G000,I000","C100,C200,M000,N000,O000,S000,V000",-0.010520164373461755,-0.018099111462012298,0.007578947088550543
2019-01-31,22,"4100,5400,C100,C200,I000,N000,S000","2000,6000,C300,C400,G000,P000,V000",0.05119726818285279,0.04198795479073482,0.009209313392117974
2019-02-28,22,"4100,6000,C100,C300,C400,D000,P000","3000,5800,C200,N000,O000,S000,V000",0.058983527892581135,0.030860536570249418,0.028122991322331717
2019-03-31,22,"2000,6000,C300,C400,F000,H000,I000","1000,3000,4100,M000,N000,O000,V000",0.017460595635165607,0.01553766358087237,0.001922932054293237
2019-04-30,22,"4100,5400,5800,6000,C200,F000,G000","2000,C100,C400,D000,N000,P000,V000",0.005318328486020215,-0.007097888172199335,0.012416216658219549
2019-05-31,22,"1000,4100,5800,6000,D000,O000,P000","3000,5400,C100,C200,C300,C400,N000",-0.015580445204362348,-0.013542817201541138,-0.00203762800282121
2019-06-30,22,"1000,3000,5800,M000,N000,O000,S000","2000,4100,6000,C400,G000,I000,P000",0.021917741700861037,0.019355746038857834,0.002561995662003203
2019-07-31,22,"1000,4100,5400,6000,C100,C300,C400","3000,5800,C200,H000,N000,P000,V000",0.03862174008873694,0.01808014040269666,0.020541599686040284
2019-08-31,22,"4100,C200,C400,D000,G000,H000,I000","1000,C100,C300,M000,N000,O000,S000",-0.008255237237075757,-0.022650917329921964,0.014395680092846207
2019-09-30,22,"4100,5400,5800,D000,F000,H000,I000","2000,6000,C100,C300,C400,N000,O000",0.016735952811759578,0.005332283620231261,0.011403669191528317
2019-10-31,22,"1000,4100,5400,C400,D000,F000,S000","2000,6000,C200,G000,M000,P000,V000",0.034910434775522574,0.013557068504131468,0.021353366271391106
2019-11-30,22,"1000,3000,5400,5800,C400,G000,S000","2000,6000,C100,C200,C300,M000,P000",-0.0025078533508199226,0.0063507605035439145,-0.008858613854363838
2019-12-31,22,"C100,C200,D000,F000,G000,H000,I000","3000,6000,C300,C400,M000,N000,O000",0.017664310362139023,0.02014819861801764,-0.002483888255878617
2020-01-31,22,"1000,2000,4100,5800,6000,D000,G000","C100,C300,C400,N000,O000,S000,V000",-0.03728111743626694,-0.015155755425791317,-0.022125362010475623
2020-02-29,22,"2000,5800,C300,M000,P000,S000,V000","3000,6000,C400,D000,F000,I000,O000",0.008086670804966188,-0.013892386521215183,0.02197905732618137
2020-03-31,22,"2000,5400,5800,6000,H000,M000,S000","1000,3000,4100,C200,C300,F000,N000",-0.15431344764609817,-0.15106962252688502,-0.003243825119213145
2020-04-30,22,"1000,5400,5800,M000,N000,S000,V000","2000,3000,4100,6000,C100,C300,C400",0.12288143757435042,0.19221751122614394,-0.06933607365179352
2020-05-31,22,"4100,C100,C300,C400,D000,G000,I000","1000,2000,C200,M000,N000,S000,V000",0.0628194535220541,0.047695469539874503,0.015123983982179602
2020-06-30,22,"4100,5400,C100,C300,C400,D000,H000","5800,6000,M000,N000,O000,S000,V000",0.08936704047240858,0.05857503166312433,0.030792008809284246
2020-07-31,22,"4100,5800,C100,C300,C400,D000,I000","1000,6000,M000,N000,O000,P000,V000",0.031137615971799978,0.019047025583595945,0.012090590388204033
2020-08-31,22,"5400,5800,D000,F000,G000,H000,M000","1000,2000,6000,C100,C300,N000,O000",0.02194863266024041,0.10689525356001897,-0.08494662089977856
2020-09-30,22,"1000,2000,3000,4100,C200,F000,S000","6000,C300,C400,D000,M000,N000,V000",-0.02631676065250899,-0.01033020422994978,-0.01598655642255921
2020-10-31,22,"1000,5800,D000,G000,H000,S000,V000","2000,4100,5400,C300,C400,M000,O000",0.01745915574202047,0.010469361569508697,0.006989794172511773
2020-11-30,22,"2000,5800,G000,H000,M000,S000,V000","1000,4100,5400,C100,C300,C400,N000",0.066781289882557,0.03825424472783389,0.028527045154723103
2020-12-31,22,"3000,4100,D000,F000,G000,I000,N000","5400,5800,C100,C300,M000,P000,V000",0.03072251765958099,0.014658175447966224,0.016064342211614763
2021-01-31,22,"2000,D000,G000,H000,I000,N000,O000","1000,4100,6000,C100,C300,C400,V000",-0.07258329920073602,-0.060545421876229084,-0.01203787732450693
2021-02-28,22,"3000,4100,5800,C200,C400,D000,P000","1000,2000,C100,N000,O000,S000,V000",0.05457964973900075,0.0957161499250113,-0.041136500186010554
2021-03-31,22,"1000,2000,C100,D000,I000,O000,S000","3000,4100,5800,6000,C200,M000,P000",0.06741610310883732,0.08884407162540256,-0.02142796851656524
2021-04-30,22,"5800,6000,C200,C400,D000,F000,M000","4100,5400,C100,C300,N000,O000,P000",0.03629960466328107,0.06398385608399364,-0.02768425142071257
2021-05-31,22,"1000,2000,6000,H000,M000,O000,S000","3000,4100,5800,C100,C200,D000,V000",-0.07697301322748298,-0.05179270170331719,-0.02518031152416579
2021-06-30,22,"5800,C100,C300,C400,M000,N000,V000","2000,4100,6000,F000,G000,H000,I000",0.031646176006589415,0.037539653952606104,-0.00589347794601669
2021-07-31,22,"2000,4100,C100,D000,H000,I000,S000","1000,5400,5800,6000,C300,C400,O000",-0.002599376246875941,-0.0037827940914311247,0.0011834178445551836
2021-08-31,22,"4100,5800,6000,C200,D000,G000,H000","1000,2000,C100,C300,C400,P000,S000",-0.0019484772362861249,-0.0036131897287099393,0.0016647124924238144
2021-09-30,22,"5800,C100,C400,M000,N000,O000,S000","2000,3000,6000,D000,F000,I000,V000",0.006739721774893368,0.002779774495124892,0.003959947279768476
2021-10-31,22,"1000,4100,6000,C300,N000,O000,S000","3000,5800,C400,D000,G000,I000,P000",0.005875897195627527,0.017781156202350736,-0.01190525900672321
2021-11-30,22,"3000,4100,5800,C200,D000,G000,I000","1000,2000,C400,N000,O000,S000,V000",0.03447443552127617,0.014343266351091186,0.02013116917018499
2021-12-31,22,"4100,5800,D000,F000,G000,H000,I000","1000,6000,C400,N000,O000,S000,V000",0.07543472365512205,0.05140648636215488,0.024028237292967172
2022-01-31,22,"5400,6000,C100,F000,G000,I000,S000","2000,5800,C400,D000,N000,O000,V000",-0.05964163587486183,-0.05137123897507636,-0.008270396899785468
2022-02-28,22,"1000,C300,M000,N000,O000,P000,V000","2000,4100,D000,F000,G000,H000,I000",0.030878448609205005,0.012923002302558769,0.017955446306646236
2022-03-31,22,"C400,D000,M000,N000,P000,S000,V000","1000,2000,3000,4100,C200,C300,G000",0.01378964247760636,0.03910008798844484,-0.025310445510838477
2022-04-30,22,"1000,4100,6000,D000,O000,P000,S000","3000,5800,C100,C200,F000,H000,N000",-0.04643276113989486,-0.007338114513866177,-0.039094646626028684
2022-05-31,22,"C100,C300,C400,M000,N000,O000,V000","2000,4100,5800,D000,F000,G000,H000",-0.024485681698143795,0.017425268041765984,-0.041910949739909775
2022-06-30,22,"3000,4100,D000,F000,G000,N000,P000","1000,2000,6000,C100,C300,C400,M000",-0.050054749930315966,0.008032386409404438,-0.0580871363397204
2022-07-31,22,"C100,C200,C300,C400,O000,P000,V000","4100,5800,6000,D000,F000,I000,S000",0.021654128240117008,0.041185133263963024,-0.019531005023846016
2022-08-31,22,"3000,5400,5800,C200,C300,F000,I000","2000,C100,D000,H000,N000,O000,S000",0.06257768966721759,0.07171186581891731,-0.009134176151699716
2022-09-30,22,"3000,4100,6000,C100,C200,C300,C400","1000,2000,5800,M000,N000,O000,S000",-0.08800034587320052,-0.058726927653477576,-0.029273418219722944
2022-10-31,22,"5400,C300,M000,N000,O000,P000,V000","1000,4100,5800,C100,D000,H000,I000",-0.042634219914442224,-0.039169162254580524,-0.0034650576598617006
2022-11-30,22,"2000,5400,5800,6000,N000,O000,S000","3000,4100,C100,C300,C400,I000,P000",0.07196684204946832,0.09821804853471647,-0.026251206485248146
2022-12-31,22,"4100,5800,C100,C400,D000,F000,I000","2000,6000,C200,C300,M000,N000,V000",-0.0001459473196796007,0.015701462524998683,-0.015847409844678282
2023-01-31,22,"5800,C100,C200,C300,C400,S000,V000","4100,D000,G000,H000,I000,N000,O000",0.010043264302949089,0.030995239092018696,-0.020951974789069606
2023-02-28,22,"1000,2000,4100,D000,I000,S000,V000","3000,C100,C300,C400,H000,M000,O000",0.09945448635701236,0.04415821804273245,0.05529626831427991
2023-03-31,22,"1000,5400,6000,C100,C200,C300,D000","2000,4100,C400,M000,N000,O000,V000",0.02954196312301063,0.034465387241913316,-0.0049234241189026855
2023-04-30,22,"4100,5400,6000,D000,F000,I000,P000","1000,2000,C100,C300,H000,O000,V000",0.05702547217944215,0.05237749069216886,0.004647981487273287
2023-05-31,22,"1000,2000,5400,C300,C400,F000,S000","3000,4100,5800,6000,C200,D000,V000",0.030767096929871295,0.055199677718595304,-0.02443258078872401
2023-06-30,22,"3000,4100,5400,C200,D000,F000,S000","1000,6000,C300,M000,N000,O000,V000",0.04559650922193994,0.04889180423443573,-0.0032952950124957928
2023-07-31,22,"2000,5400,6000,C200,F000,P000,S000","C300,C400,D000,H000,M000,N000,O000",0.034294550194803916,-0.00205331762478607,0.036347867819589985
2023-08-31,22,"2000,5400,5800,6000,F000,H000,I000","C100,C300,C400,N000,O000,P000,V000",-0.012830489752180365,-0.02295999802420546,0.010129508272025094
2023-09-30,22,"4100,5800,6000,C100,G000,H000,V000","1000,2000,5400,C300,M000,O000,P000",-0.013352394628340775,-0.013441797782917467,8.940315457669178e-05
2023-10-31,22,"3000,6000,C400,D000,H000,I000,N000","1000,2000,4100,5400,C100,C300,V000",-0.045038857473568,-0.02400152388543395,-0.02103733358813405
2023-11-30,22,"5800,6000,C100,D000,I000,O000,V000","1000,2000,C300,C400,F000,P000,S000",0.0805666899469913,0.07914412236298753,0.0014225675840037755
2023-12-31,22,"4100,5400,5800,6000,D000,F000,I000","C100,C300,C400,M000,N000,O000,V000",0.019497248433160634,0.004744345302364957,0.014752903130795678
2024-01-31,22,"4100,5400,C400,F000,H000,S000,V000","6000,C100,D000,G000,N000,O000,P000",0.008224420404791362,0.022832066089408316,-0.014607645684616954
2024-02-29,22,"5400,6000,C100,D000,H000,S000,V000","1000,2000,3000,C300,C400,N000,O000",0.07426033395672624,0.03150448420592499,0.042755849750801246
2024-03-31,22,"C200,C400,F000,H000,I000,P000,S000","1000,2000,6000,C300,N000,O000,V000",0.021915981288452673,0.013749872297490112,0.00816610899096256
2024-04-30,22,"1000,2000,3000,C200,P000,S000,V000","6000,C100,C400,D000,H000,N000,O000",0.04434466529614497,0.034645029743625946,0.009699635552519022
2024-05-31,22,"1000,2000,3000,C400,G000,S000,V000","5400,6000,C100,C200,C300,D000,N000",0.024179658959490594,0.03500836708043414,-0.010828708120943543
2024-06-30,22,"3000,5400,D000,F000,H000,I000,P000","1000,2000,6000,N000,O000,S000,V000",0.0473743013069242,0.020100380708245127,0.027273920598679075
2024-07-31,22,"4100,5400,C100,C200,C400,G000,I000","2000,3000,5800,N000,O000,P000,V000",0.006684881784811186,0.007662983426097515,-0.000978101641286329
