date,rank,stock_id,name,sub,ratio
2012-04-30,1,3093,港建*,D600,0.2151520604928639
2012-04-30,2,6270,倍微,DB00,0.18996702691197076
2012-04-30,3,3360,尚立,DA00,0.1727310127706153
2012-04-30,4,3402,漢科,D600,0.13157811614136333
2012-04-30,5,8032,光菱,DB00,0.13148355382735122
2012-04-30,6,8067,志旭,DB00,0.13087814391330965
2012-04-30,7,3232,昱捷,DB00,0.1240000374595617
2012-04-30,8,8277,商丞,DA00,0.11840487923584075
2012-04-30,9,2340,台亞,D900,0.1175684219783715
2012-04-30,10,8096,擎亞,DB00,0.11264912910280911
2012-05-31,1,3093,港建*,D600,0.2456827967431424
2012-05-31,2,6270,倍微,DB00,0.18650190015143137
2012-05-31,3,3360,尚立,DA00,0.16809700226669066
2012-05-31,4,8067,志旭,DB00,0.15454366473963946
2012-05-31,5,8277,商丞,DA00,0.12790831811284567
2012-05-31,6,8032,光菱,DB00,0.12718677837269435
2012-05-31,7,8096,擎亞,DB00,0.11802129439739495
2012-05-31,8,2340,台亞,D900,0.11174301268155984
2012-05-31,9,6271,同欣電,D700,0.10614503520983003
2012-05-31,10,3402,漢科,D600,0.10604103891169939
2012-06-29,1,3093,港建*,D600,0.24335754055598918
2012-06-29,2,6270,倍微,DB00,0.19317475225516553
2012-06-29,3,3360,尚立,DA00,0.15409028170027944
2012-06-29,4,8277,商丞,DA00,0.14062204323050023
2012-06-29,5,8067,志旭,DB00,0.13332597022047782
2012-06-29,6,8096,擎亞,DB00,0.127131672163367
2012-06-29,7,8032,光菱,DB00,0.11558834049377449
2012-06-29,8,2340,台亞,D900,0.11062035665194705
2012-06-29,9,3260,威剛,DA00,0.10676927896443432
2012-06-29,10,6271,同欣電,D700,0.10473812874550097
2012-07-31,1,3093,港建*,D600,0.22617353536044082
2012-07-31,2,6270,倍微,DB00,0.18817470501048733
2012-07-31,3,8067,志旭,DB00,0.13584662969987266
2012-07-31,4,8277,商丞,DA00,0.1339930051872472
2012-07-31,5,8032,光菱,DB00,0.12949561472608062
2012-07-31,6,8096,擎亞,DB00,0.12727122248013178
2012-07-31,7,3224,三顧,DB00,0.12604657504860411
2012-07-31,8,3360,尚立,DA00,0.10856980667090901
2012-07-31,9,6271,同欣電,D700,0.10739330810186878
2012-07-31,10,2340,台亞,D900,0.10603650298583225
2012-08-31,1,3093,港建*,D600,0.18295422734986055
2012-08-31,2,3224,三顧,DB00,0.16991905447420796
2012-08-31,3,8277,商丞,DA00,0.15067852013995964
2012-08-31,4,8032,光菱,DB00,0.1292846604294169
2012-08-31,5,6270,倍微,DB00,0.11824367062935788
2012-08-31,6,3260,威剛,DA00,0.11612958601218772
2012-08-31,7,2340,台亞,D900,0.11566350446812149
2012-08-31,8,8070,長華*,D600,0.10653247362678227
2012-08-31,9,8096,擎亞,DB00,0.1041855523559694
2012-08-31,10,6271,同欣電,D700,0.10367270641451826
2012-09-28,1,3224,三顧,DB00,0.1927605310902161
2012-09-28,2,8032,光菱,DB00,0.16700020093496404
2012-09-28,3,3093,港建*,D600,0.1579597859656097
2012-09-28,4,6270,倍微,DB00,0.15485557715737275
2012-09-28,5,2340,台亞,D900,0.145133748362384
2012-09-28,6,8070,長華*,D600,0.13182020404564693
2012-09-28,7,6227,茂綸,DB00,0.12202426736637736
2012-09-28,8,8096,擎亞,DB00,0.11723418600852467
2012-09-28,9,8277,商丞,DA00,0.11498792775740445
2012-09-28,10,6271,同欣電,D700,0.10700393187997467
2012-10-31,1,3224,三顧,DB00,0.2043728663193111
2012-10-31,2,8032,光菱,DB00,0.17845977046593833
2012-10-31,3,3093,港建*,D600,0.1691377299669129
2012-10-31,4,2340,台亞,D900,0.1532011212013812
2012-10-31,5,6270,倍微,DB00,0.1445443327431326
2012-10-31,6,6227,茂綸,DB00,0.13190250811833568
2012-10-31,7,8277,商丞,DA00,0.11386107761115014
2012-10-31,8,6271,同欣電,D700,0.11240080900460483
2012-10-31,9,8070,長華*,D600,0.10629574267606184
2012-10-31,10,3260,威剛,DA00,0.10621808554886832
2012-11-30,1,8032,光菱,DB00,0.19405293362021087
2012-11-30,2,3224,三顧,DB00,0.15662397406452555
2012-11-30,3,2340,台亞,D900,0.1434753471615053
2012-11-30,4,3093,港建*,D600,0.13057448130844718
2012-11-30,5,6270,倍微,DB00,0.12310518854260118
2012-11-30,6,8096,擎亞,DB00,0.10578755967394883
2012-11-30,7,3260,威剛,DA00,0.10576719149922231
2012-11-30,8,6227,茂綸,DB00,0.09901750785947694
2012-11-30,9,8277,商丞,DA00,0.09707311343731605
2012-11-30,10,6271,同欣電,D700,0.08981749000854851
2012-12-28,1,8032,光菱,DB00,0.16827698290379997
2012-12-28,2,3224,三顧,DB00,0.1610613102354647
2012-12-28,3,2340,台亞,D900,0.14860552179333072
2012-12-28,4,6227,茂綸,DB00,0.14025195486223158
2012-12-28,5,6270,倍微,DB00,0.13704340919475486
2012-12-28,6,3093,港建*,D600,0.129235518573807
2012-12-28,7,3260,威剛,DA00,0.11943541882818326
2012-12-28,8,8277,商丞,DA00,0.10458173576046861
2012-12-28,9,8070,長華*,D600,0.10341834843737434
2012-12-28,10,2351,順德,D800,0.0841154568624597
2013-01-31,1,8032,光菱,DB00,0.18967801614541555
2013-01-31,2,3093,港建*,D600,0.18657298599799457
2013-01-31,3,6227,茂綸,DB00,0.16154220147744752
2013-01-31,4,6270,倍微,DB00,0.1437340827358207
2013-01-31,5,3224,三顧,DB00,0.13352481245346903
2013-01-31,6,3260,威剛,DA00,0.1306145265273346
2013-01-31,7,2340,台亞,D900,0.1297331699584847
2013-01-31,8,6271,同欣電,D700,0.1185522081843005
2013-01-31,9,8277,商丞,DA00,0.10615281182495113
2013-01-31,10,8070,長華*,D600,0.10529879564423486
2013-02-27,1,8032,光菱,DB00,0.22402787658801646
2013-02-27,2,3093,港建*,D600,0.21835923653818715
2013-02-27,3,6227,茂綸,DB00,0.2021343606138953
2013-02-27,4,6270,倍微,DB00,0.18377182392667737
2013-02-27,5,8277,商丞,DA00,0.16937748341999148
2013-02-27,6,6271,同欣電,D700,0.15337457264255847
2013-02-27,7,8070,長華*,D600,0.15135216926172732
2013-02-27,8,3224,三顧,DB00,0.14220488667961126
2013-02-27,9,3260,威剛,DA00,0.11338793169025446
2013-02-27,10,8096,擎亞,DB00,0.10819838830552804
2013-03-29,1,8032,光菱,DB00,0.21212498789446985
2013-03-29,2,6227,茂綸,DB00,0.2004856824491892
2013-03-29,3,6270,倍微,DB00,0.19581067509153266
2013-03-29,4,8277,商丞,DA00,0.16169089090774216
2013-03-29,5,8070,長華*,D600,0.1589367855479859
2013-03-29,6,3093,港建*,D600,0.1580286599751698
2013-03-29,7,6271,同欣電,D700,0.14907465459209535
2013-03-29,8,8096,擎亞,DB00,0.11822057457268696
2013-03-29,9,3260,威剛,DA00,0.11653329584191391
2013-03-29,10,3224,三顧,DB00,0.10344512105890569
2013-04-30,1,6270,倍微,DB00,0.21753227885758586
2013-04-30,2,8032,光菱,DB00,0.2142960821916528
2013-04-30,3,6227,茂綸,DB00,0.20395194857806803
2013-04-30,4,8277,商丞,DA00,0.18546546580439696
2013-04-30,5,3093,港建*,D600,0.15613251607703954
2013-04-30,6,6271,同欣電,D700,0.14573162411488053
2013-04-30,7,8070,長華*,D600,0.14160372645428257
2013-04-30,8,8096,擎亞,DB00,0.13308278728425893
2013-04-30,9,3260,威剛,DA00,0.12421263650914663
2013-04-30,10,8110,華東,D900,0.12061776689028676
2013-05-31,1,8032,光菱,DB00,0.2168303929974051
2013-05-31,2,6227,茂綸,DB00,0.2111146565408236
2013-05-31,3,6270,倍微,DB00,0.206596219864325
2013-05-31,4,8277,商丞,DA00,0.15844894967984754
2013-05-31,5,6271,同欣電,D700,0.144178360412462
2013-05-31,6,3260,威剛,DA00,0.14269660483172622
2013-05-31,7,8096,擎亞,DB00,0.13828499192596921
2013-05-31,8,3093,港建*,D600,0.13587970261637197
2013-05-31,9,8112,至上,DB00,0.12376492858969705
2013-05-31,10,8110,華東,D900,0.11639170342520788
2013-06-28,1,6270,倍微,DB00,0.19999945512466047
2013-06-28,2,8032,光菱,DB00,0.1863100861788912
2013-06-28,3,6227,茂綸,DB00,0.1548686512365258
2013-06-28,4,8277,商丞,DA00,0.1441785996597054
2013-06-28,5,8096,擎亞,DB00,0.13433258027043873
2013-06-28,6,3260,威剛,DA00,0.12388092519152497
2013-06-28,7,6271,同欣電,D700,0.12168887338675487
2013-06-28,8,8112,至上,DB00,0.11939753118135392
2013-06-28,9,8110,華東,D900,0.1181850902983819
2013-06-28,10,3093,港建*,D600,0.11132250386106882
2013-07-31,1,6270,倍微,DB00,0.20276864405877632
2013-07-31,2,8032,光菱,DB00,0.18620638242266163
2013-07-31,3,8277,商丞,DA00,0.159497368056054
2013-07-31,4,8096,擎亞,DB00,0.14632593828021712
2013-07-31,5,6227,茂綸,DB00,0.137178020865678
2013-07-31,6,6271,同欣電,D700,0.11575197360061432
2013-07-31,7,8112,至上,DB00,0.11396878338242186
2013-07-31,8,8110,華東,D900,0.11366838219776347
2013-07-31,9,3260,威剛,DA00,0.11169013779914835
2013-07-31,10,6147,頎邦,D900,0.09883708053351399
2013-08-30,1,6270,倍微,DB00,0.20712434158210102
2013-08-30,2,8032,光菱,DB00,0.17110537881879545
2013-08-30,3,8277,商丞,DA00,0.1663885763207628
2013-08-30,4,8096,擎亞,DB00,0.1583872438080955
2013-08-30,5,6227,茂綸,DB00,0.14619051066894287
2013-08-30,6,8110,華東,D900,0.12660387177219293
2013-08-30,7,3010,華立,DB00,0.12418539431354639
2013-08-30,8,6271,同欣電,D700,0.12225838230089933
2013-08-30,9,6147,頎邦,D900,0.11633822288848326
2013-08-30,10,8112,至上,DB00,0.11059451947173796
2013-09-30,1,6270,倍微,DB00,0.21344427558272014
2013-09-30,2,8032,光菱,DB00,0.2014331990581681
2013-09-30,3,8277,商丞,DA00,0.1735561058195795
2013-09-30,4,8096,擎亞,DB00,0.15729603217101581
2013-09-30,5,8110,華東,D900,0.15490498859749918
2013-09-30,6,6227,茂綸,DB00,0.14332524886128634
2013-09-30,7,6147,頎邦,D900,0.133391584820996
2013-09-30,8,3260,威剛,DA00,0.1188009659319327
2013-09-30,9,3010,華立,DB00,0.11503615381394035
2013-09-30,10,8112,至上,DB00,0.11277254485095631
2013-10-31,1,6270,倍微,DB00,0.21345897388176838
2013-10-31,2,8032,光菱,DB00,0.185891431686829
2013-10-31,3,8277,商丞,DA00,0.16506935936209113
2013-10-31,4,8110,華東,D900,0.1518290370272502
2013-10-31,5,6147,頎邦,D900,0.14535865229582096
2013-10-31,6,8096,擎亞,DB00,0.14480807374711674
2013-10-31,7,8070,長華*,D600,0.13597213486142634
2013-10-31,8,8112,至上,DB00,0.12651192430464955
2013-10-31,9,6227,茂綸,DB00,0.12593351521354923
2013-10-31,10,3010,華立,DB00,0.11740173572586747
2013-11-29,1,8032,光菱,DB00,0.20387182167169993
2013-11-29,2,8112,至上,DB00,0.19649348153794205
2013-11-29,3,6189,豐藝,DB00,0.18302860536005375
2013-11-29,4,6270,倍微,DB00,0.1744729308095641
2013-11-29,5,1410,南染,D900,0.15979129548394252
2013-11-29,6,5344,立衛,D900,0.15336635443898367
2013-11-29,7,8110,華東,D900,0.14566839713914922
2013-11-29,8,3010,華立,DB00,0.13854216069401384
2013-11-29,9,8277,商丞,DA00,0.13544849191427952
2013-11-29,10,8096,擎亞,DB00,0.13138656352977587
2013-12-31,1,6189,豐藝,DB00,0.21934560033389264
2013-12-31,2,6270,倍微,DB00,0.2138382693105955
2013-12-31,3,1410,南染,D900,0.2084537539105647
2013-12-31,4,8032,光菱,DB00,0.19148336760043005
2013-12-31,5,8110,華東,D900,0.16891320196677126
2013-12-31,6,3010,華立,DB00,0.16265938772802843
2013-12-31,7,8070,長華*,D600,0.1554147246408049
2013-12-31,8,8096,擎亞,DB00,0.1371161967456122
2013-12-31,9,2340,台亞,D900,0.11965649562164143
2013-12-31,10,3224,三顧,DB00,0.11789809915551572
2014-01-27,1,6270,倍微,DB00,0.2597863316687818
2014-01-27,2,8032,光菱,DB00,0.22740333603594773
2014-01-27,3,6189,豐藝,DB00,0.21175028430230072
2014-01-27,4,1410,南染,D900,0.2114967677417923
2014-01-27,5,8110,華東,D900,0.1699541310715602
2014-01-27,6,3010,華立,DB00,0.16969334684183626
2014-01-27,7,8070,長華*,D600,0.1654760479827556
2014-01-27,8,8096,擎亞,DB00,0.15072642049870738
2014-01-27,9,6227,茂綸,DB00,0.13638151033947957
2014-01-27,10,2467,志聖,D600,0.12271853755103257
2014-02-27,1,6270,倍微,DB00,0.27476019935029006
2014-02-27,2,8032,光菱,DB00,0.26678829192023684
2014-02-27,3,1410,南染,D900,0.19229267324277913
2014-02-27,4,6189,豐藝,DB00,0.16034483338241062
2014-02-27,5,8070,長華*,D600,0.14948717287365496
2014-02-27,6,8277,商丞,DA00,0.14652649226924477
2014-02-27,7,8110,華東,D900,0.14309359115026532
2014-02-27,8,2467,志聖,D600,0.1356788313330949
2014-02-27,9,8112,至上,DB00,0.12701699391788418
2014-02-27,10,3010,華立,DB00,0.11722863632876228
2014-03-31,1,3567,逸昌,D900,0.3550396329447112
2014-03-31,2,8032,光菱,DB00,0.21303580307143458
2014-03-31,3,6270,倍微,DB00,0.20248048391775078
2014-03-31,4,1410,南染,D900,0.18566655056708076
2014-03-31,5,8271,宇瞻,DA00,0.18544467597251235
2014-03-31,6,3232,昱捷,DB00,0.17595507998095347
2014-03-31,7,3010,華立,DB00,0.17033347267153223
2014-03-31,8,6147,頎邦,D900,0.1307427698478351
2014-03-31,9,6189,豐藝,DB00,0.12677810583432275
2014-03-31,10,8110,華東,D900,0.1253079703613823
2014-04-30,1,3567,逸昌,D900,0.33737551064723925
2014-04-30,2,6270,倍微,DB00,0.2188500530155107
2014-04-30,3,1410,南染,D900,0.19940047196451427
2014-04-30,4,8032,光菱,DB00,0.19676388190027888
2014-04-30,5,8271,宇瞻,DA00,0.18196958773303973
2014-04-30,6,8070,長華*,D600,0.1618482677685179
2014-04-30,7,6189,豐藝,DB00,0.13929552402898784
2014-04-30,8,6147,頎邦,D900,0.1352376025507648
2014-04-30,9,2340,台亞,D900,0.1303662650048509
2014-04-30,10,6271,同欣電,D700,0.12793899306835138
2014-05-30,1,3567,逸昌,D900,0.3218746447018464
2014-05-30,2,8032,光菱,DB00,0.2801309976776582
2014-05-30,3,6270,倍微,DB00,0.2401772378678642
2014-05-30,4,8271,宇瞻,DA00,0.190823748864155
2014-05-30,5,3010,華立,DB00,0.18707467761974172
2014-05-30,6,1410,南染,D900,0.1713328205820293
2014-05-30,7,6189,豐藝,DB00,0.1707572436389196
2014-05-30,8,8070,長華*,D600,0.1703194017798227
2014-05-30,9,3093,港建*,D600,0.16535307733713667
2014-05-30,10,6147,頎邦,D900,0.15553532611819823
2014-06-30,1,8068,全達,DB00,0.2977568992218918
2014-06-30,2,3567,逸昌,D900,0.28260398848012025
2014-06-30,3,3093,港建*,D600,0.235731057197192
2014-06-30,4,8032,光菱,DB00,0.21918853047064568
2014-06-30,5,3010,華立,DB00,0.1692585644111163
2014-06-30,6,6147,頎邦,D900,0.16203571766405736
2014-06-30,7,8070,長華*,D600,0.14654144817075135
2014-06-30,8,2441,超豐,D900,0.14510860220323782
2014-06-30,9,6189,豐藝,DB00,0.14463482964260202
2014-06-30,10,3360,尚立,DA00,0.1423942672897958
2014-07-31,1,8068,全達,DB00,0.3017991748324446
2014-07-31,2,3567,逸昌,D900,0.2905161538128541
2014-07-31,3,8032,光菱,DB00,0.22580774306529422
2014-07-31,4,3093,港建*,D600,0.22467327932109588
2014-07-31,5,3010,華立,DB00,0.1937259598888205
2014-07-31,6,2441,超豐,D900,0.18196567282834084
2014-07-31,7,8096,擎亞,DB00,0.17937471410241032
2014-07-31,8,8277,商丞,DA00,0.1645690910904315
2014-07-31,9,6147,頎邦,D900,0.14664307593192388
2014-07-31,10,6261,久元,D600,0.14392202206500665
2014-08-29,1,8032,光菱,DB00,0.2916007568285555
2014-08-29,2,3567,逸昌,D900,0.27538930936676126
2014-08-29,3,2441,超豐,D900,0.22678553513087915
2014-08-29,4,8096,擎亞,DB00,0.19171661713065685
2014-08-29,5,6261,久元,D600,0.17772804527049774
2014-08-29,6,8068,全達,DB00,0.17575631159128174
2014-08-29,7,3093,港建*,D600,0.1574635756052781
2014-08-29,8,3264,欣銓,D900,0.14064203185061738
2014-08-29,9,1410,南染,D900,0.13949592050140894
2014-08-29,10,8277,商丞,DA00,0.13442088766734264
2014-09-30,1,3567,逸昌,D900,0.29979524812167313
2014-09-30,2,8032,光菱,DB00,0.2705259717500686
2014-09-30,3,8068,全達,DB00,0.22483226063629927
2014-09-30,4,2441,超豐,D900,0.20456471524935937
2014-09-30,5,1410,南染,D900,0.1741928023553696
2014-09-30,6,6261,久元,D600,0.16927780622138514
2014-09-30,7,8096,擎亞,DB00,0.16856484890591225
2014-09-30,8,3093,港建*,D600,0.16122755095810035
2014-09-30,9,3360,尚立,DA00,0.14540630223330284
2014-09-30,10,8277,商丞,DA00,0.12597692351734496
2014-10-31,1,3567,逸昌,D900,0.33033794656034643
2014-10-31,2,8032,光菱,DB00,0.21033388666411623
2014-10-31,3,2441,超豐,D900,0.199899887891628
2014-10-31,4,8068,全達,DB00,0.19978414278322604
2014-10-31,5,3093,港建*,D600,0.18971264113182848
2014-10-31,6,1410,南染,D900,0.18424983378063642
2014-10-31,7,8096,擎亞,DB00,0.16317117664081646
2014-10-31,8,6261,久元,D600,0.1494132319792877
2014-10-31,9,2467,志聖,D600,0.12178077719857062
2014-10-31,10,6147,頎邦,D900,0.11664161697838253
2014-11-28,1,3567,逸昌,D900,0.32089972820515306
2014-11-28,2,3093,港建*,D600,0.22064038751483006
2014-11-28,3,2441,超豐,D900,0.19099474232798333
2014-11-28,4,8032,光菱,DB00,0.18730063217869214
2014-11-28,5,1410,南染,D900,0.15848884275260502
2014-11-28,6,8096,擎亞,DB00,0.15534639707423448
2014-11-28,7,8068,全達,DB00,0.1526707956045159
2014-11-28,8,6261,久元,D600,0.1253745078691125
2014-11-28,9,8277,商丞,DA00,0.12476285465093531
2014-11-28,10,6147,頎邦,D900,0.12014965601891514
2014-12-31,1,3567,逸昌,D900,0.3412544707432308
2014-12-31,2,8032,光菱,DB00,0.25245771130642264
2014-12-31,3,3093,港建*,D600,0.2400113420901565
2014-12-31,4,8096,擎亞,DB00,0.1975112831158173
2014-12-31,5,2441,超豐,D900,0.19650154402911046
2014-12-31,6,1410,南染,D900,0.18481236571910986
2014-12-31,7,8277,商丞,DA00,0.179102418394282
2014-12-31,8,8068,全達,DB00,0.15714918179306717
2014-12-31,9,6189,豐藝,DB00,0.142830507682355
2014-12-31,10,8070,長華*,D600,0.13736582197276787
2015-01-30,1,3567,逸昌,D900,0.33793325799694435
2015-01-30,2,8032,光菱,DB00,0.3196418820190702
2015-01-30,3,3093,港建*,D600,0.2794940317980598
2015-01-30,4,2441,超豐,D900,0.20917755156230539
2015-01-30,5,8096,擎亞,DB00,0.17515579595354336
2015-01-30,6,8277,商丞,DA00,0.17218204082217603
2015-01-30,7,8070,長華*,D600,0.15443943694380677
2015-01-30,8,6189,豐藝,DB00,0.15101419989263665
2015-01-30,9,5536,聖暉*,D600,0.1403821043322841
2015-01-30,10,6147,頎邦,D900,0.13922967366543862
2015-02-26,1,3555,博士旺,DB00,0.39939468081620505
2015-02-26,2,8032,光菱,DB00,0.3943007414142922
2015-02-26,3,3093,港建*,D600,0.3772000161526981
2015-02-26,4,3567,逸昌,D900,0.36272275867506976
2015-02-26,5,2441,超豐,D900,0.2649692530846888
2015-02-26,6,6270,倍微,DB00,0.23343847059288333
2015-02-26,7,8096,擎亞,DB00,0.1853937984699118
2015-02-26,8,8277,商丞,DA00,0.16219366988416017
2015-02-26,9,6189,豐藝,DB00,0.16161188888562267
2015-02-26,10,6261,久元,D600,0.1470371782615096
2015-03-31,1,3555,博士旺,DB00,0.38057088259340344
2015-03-31,2,8032,光菱,DB00,0.376218981463384
2015-03-31,3,3567,逸昌,D900,0.3485816245669895
2015-03-31,4,3093,港建*,D600,0.33826690246973795
2015-03-31,5,2441,超豐,D900,0.2575103379222044
2015-03-31,6,6270,倍微,DB00,0.25484043253156763
2015-03-31,7,8096,擎亞,DB00,0.1777895279545663
2015-03-31,8,8277,商丞,DA00,0.16966363472580365
2015-03-31,9,6207,雷科,D700,0.15852528247528874
2015-03-31,10,5536,聖暉*,D600,0.15487439797557948
2015-04-30,1,3555,博士旺,DB00,0.37444336470474143
2015-04-30,2,8032,光菱,DB00,0.36096081265606644
2015-04-30,3,3567,逸昌,D900,0.34039036187323507
2015-04-30,4,3093,港建*,D600,0.3315085168255066
2015-04-30,5,2441,超豐,D900,0.2400767103565767
2015-04-30,6,6270,倍微,DB00,0.2359295134734742
2015-04-30,7,8277,商丞,DA00,0.1772427617164428
2015-04-30,8,8068,全達,DB00,0.17564109753829246
2015-04-30,9,6207,雷科,D700,0.16203103551992487
2015-04-30,10,5536,聖暉*,D600,0.15827733245994385
2015-05-29,1,3555,博士旺,DB00,0.4288530498992441
2015-05-29,2,3093,港建*,D600,0.3350201100208949
2015-05-29,3,3567,逸昌,D900,0.3311660723562773
2015-05-29,4,8032,光菱,DB00,0.32827394904354973
2015-05-29,5,2441,超豐,D900,0.25173112320523605
2015-05-29,6,6270,倍微,DB00,0.2230177080086722
2015-05-29,7,8277,商丞,DA00,0.1868639831806927
2015-05-29,8,5536,聖暉*,D600,0.17965826923842196
2015-05-29,9,6207,雷科,D700,0.16923137249731363
2015-05-29,10,6189,豐藝,DB00,0.14817775776143766
2015-06-30,1,8032,光菱,DB00,0.4210054182829102
2015-06-30,2,3555,博士旺,DB00,0.4017697112593041
2015-06-30,3,3093,港建*,D600,0.3452465675031319
2015-06-30,4,3567,逸昌,D900,0.3249382878937541
2015-06-30,5,6270,倍微,DB00,0.23738496357954603
2015-06-30,6,2441,超豐,D900,0.22846506621129004
2015-06-30,7,6207,雷科,D700,0.17875367346289414
2015-06-30,8,8277,商丞,DA00,0.16798369754347184
2015-06-30,9,5536,聖暉*,D600,0.16743194729201263
2015-06-30,10,3028,增你強,DB00,0.1674242918776749
2015-07-31,1,3555,博士旺,DB00,0.44566496775670705
2015-07-31,2,8032,光菱,DB00,0.39142098536623604
2015-07-31,3,3093,港建*,D600,0.3428560848430386
2015-07-31,4,3567,逸昌,D900,0.3148898781121548
2015-07-31,5,6270,倍微,DB00,0.26650977004093945
2015-07-31,6,2441,超豐,D900,0.24865600193879903
2015-07-31,7,1410,南染,D900,0.18612918914634888
2015-07-31,8,2360,致茂,D600,0.1841443181460742
2015-07-31,9,8277,商丞,DA00,0.17432450254893234
2015-07-31,10,5536,聖暉*,D600,0.17269587494268446
2015-08-31,1,8032,光菱,DB00,0.5217827686896902
2015-08-31,2,3567,逸昌,D900,0.3073049186046792
2015-08-31,3,3093,港建*,D600,0.29190798705639154
2015-08-31,4,3555,博士旺,DB00,0.28730739310270104
2015-08-31,5,6270,倍微,DB00,0.28407558939358407
2015-08-31,6,2441,超豐,D900,0.24846360147761193
2015-08-31,7,2360,致茂,D600,0.23149807513721224
2015-08-31,8,8068,全達,DB00,0.21712798098189257
2015-08-31,9,1410,南染,D900,0.19744266800242716
2015-08-31,10,3028,增你強,DB00,0.18176598898422316
2015-09-30,1,8032,光菱,DB00,0.41957200146582885
2015-09-30,2,3555,博士旺,DB00,0.30404168630637524
2015-09-30,3,8068,全達,DB00,0.2925448437650668
2015-09-30,4,6270,倍微,DB00,0.2802111917176873
2015-09-30,5,3093,港建*,D600,0.27437987796583074
2015-09-30,6,3567,逸昌,D900,0.268939394763595
2015-09-30,7,2441,超豐,D900,0.2306121489484927
2015-09-30,8,6207,雷科,D700,0.19621574927643867
2015-09-30,9,2360,致茂,D600,0.1920182386935876
2015-09-30,10,3028,增你強,DB00,0.16977817905183293
2015-10-30,1,8032,光菱,DB00,0.4402063530798631
2015-10-30,2,6270,倍微,DB00,0.2826932385021672
2015-10-30,3,3555,博士旺,DB00,0.27644091990276
2015-10-30,4,3093,港建*,D600,0.268993106421449
2015-10-30,5,8068,全達,DB00,0.2676379686309249
2015-10-30,6,3567,逸昌,D900,0.26311485770513754
2015-10-30,7,2441,超豐,D900,0.23757518401507666
2015-10-30,8,6207,雷科,D700,0.20807825323005097
2015-10-30,9,2360,致茂,D600,0.19018743512701936
2015-10-30,10,3028,增你強,DB00,0.18174590837761406
2015-11-30,1,8032,光菱,DB00,0.47125718205752576
2015-11-30,2,3555,博士旺,DB00,0.29057038105031924
2015-11-30,3,6270,倍微,DB00,0.2783166822740883
2015-11-30,4,8068,全達,DB00,0.2679313068228785
2015-11-30,5,3567,逸昌,D900,0.2609186438024309
2015-11-30,6,2441,超豐,D900,0.25330479263033145
2015-11-30,7,6207,雷科,D700,0.2352974464643956
2015-11-30,8,3093,港建*,D600,0.20961317468994553
2015-11-30,9,3028,增你強,DB00,0.1793990245245677
2015-11-30,10,5536,聖暉*,D600,0.15300262000882558
2015-12-31,1,8032,光菱,DB00,0.5266365022601938
2015-12-31,2,2441,超豐,D900,0.2843467054889257
2015-12-31,3,6270,倍微,DB00,0.2841166508730915
2015-12-31,4,2360,致茂,D600,0.2814528998898623
2015-12-31,5,6207,雷科,D700,0.24020595391856586
2015-12-31,6,8068,全達,DB00,0.22290762016730728
2015-12-31,7,3028,增你強,DB00,0.21625068148904297
2015-12-31,8,5536,聖暉*,D600,0.210614920491674
2015-12-31,9,3567,逸昌,D900,0.2097427956679863
2015-12-31,10,3555,博士旺,DB00,0.20731199063483619
2016-01-30,1,8032,光菱,DB00,0.5651813376524817
2016-01-30,2,2441,超豐,D900,0.29191419559230614
2016-01-30,3,2360,致茂,D600,0.2901960530103777
2016-01-30,4,6270,倍微,DB00,0.2835028881397995
2016-01-30,5,6207,雷科,D700,0.2519118037950275
2016-01-30,6,8068,全達,DB00,0.24584536765253848
2016-01-30,7,3555,博士旺,DB00,0.20683768989015333
2016-01-30,8,3567,逸昌,D900,0.20657715527173667
2016-01-30,9,3028,增你強,DB00,0.20559137398714625
2016-01-30,10,3093,港建*,D600,0.20312283479842244
2016-02-26,1,8032,光菱,DB00,0.5700697908125534
2016-02-26,2,2360,致茂,D600,0.29298113638783063
2016-02-26,3,2441,超豐,D900,0.2862304946617013
2016-02-26,4,6270,倍微,DB00,0.2788161681776855
2016-02-26,5,6207,雷科,D700,0.2709444384531708
2016-02-26,6,8068,全達,DB00,0.245032239235942
2016-02-26,7,3567,逸昌,D900,0.21046296185094956
2016-02-26,8,3028,增你強,DB00,0.20142119390400764
2016-02-26,9,3093,港建*,D600,0.19793487331094498
2016-02-26,10,5536,聖暉*,D600,0.1927560485115347
2016-03-31,1,8032,光菱,DB00,0.48680861714638307
2016-03-31,2,2360,致茂,D600,0.34409212486677054
2016-03-31,3,8068,全達,DB00,0.3050772812565377
2016-03-31,4,2441,超豐,D900,0.286556380104159
2016-03-31,5,6270,倍微,DB00,0.27038337584563976
2016-03-31,6,2308,台達電,D600,0.2703725715764073
2016-03-31,7,3567,逸昌,D900,0.2589356610017298
2016-03-31,8,6207,雷科,D700,0.22337953029761076
2016-03-31,9,3555,博士旺,DB00,0.22274168556851107
2016-03-31,10,3028,增你強,DB00,0.19595630334960829
2016-04-29,1,8032,光菱,DB00,0.48472925837760267
2016-04-29,2,2360,致茂,D600,0.37573256929831333
2016-04-29,3,3555,博士旺,DB00,0.3273541240466105
2016-04-29,4,6270,倍微,DB00,0.30788549524235564
2016-04-29,5,2441,超豐,D900,0.2854669762814007
2016-04-29,6,3567,逸昌,D900,0.26848093515916416
2016-04-29,7,2308,台達電,D600,0.2607760580906081
2016-04-29,8,8068,全達,DB00,0.2566449024568964
2016-04-29,9,6207,雷科,D700,0.23110343729428368
2016-04-29,10,3028,增你強,DB00,0.18486451153420252
2016-05-31,1,8032,光菱,DB00,0.49105671852678795
2016-05-31,2,6270,倍微,DB00,0.3234102342491123
2016-05-31,3,2360,致茂,D600,0.30397719994088085
2016-05-31,4,3555,博士旺,DB00,0.28577950631099963
2016-05-31,5,2441,超豐,D900,0.2798625578946606
2016-05-31,6,3567,逸昌,D900,0.2613616111842484
2016-05-31,7,8068,全達,DB00,0.2328418031440173
2016-05-31,8,2308,台達電,D600,0.20879346424729867
2016-05-31,9,6207,雷科,D700,0.20318902739948463
2016-05-31,10,3028,增你強,DB00,0.18974101536972962
2016-06-30,1,8032,光菱,DB00,0.5380257432796987
2016-06-30,2,2360,致茂,D600,0.3629291879598888
2016-06-30,3,6270,倍微,DB00,0.33601184022352043
2016-06-30,4,3555,博士旺,DB00,0.29825793247439136
2016-06-30,5,2441,超豐,D900,0.2895486225450703
2016-06-30,6,3567,逸昌,D900,0.28152059883256847
2016-06-30,7,8068,全達,DB00,0.25797972749814146
2016-06-30,8,6207,雷科,D700,0.23178679411582068
2016-06-30,9,3028,增你強,DB00,0.19682391965227994
2016-06-30,10,3131,弘塑,D600,0.19150793293788884
2016-07-29,1,8032,光菱,DB00,0.5316927075203984
2016-07-29,2,2360,致茂,D600,0.3516574040579885
2016-07-29,3,6270,倍微,DB00,0.34586075963227453
2016-07-29,4,3555,博士旺,DB00,0.314282354015052
2016-07-29,5,3567,逸昌,D900,0.2965325716964751
2016-07-29,6,2441,超豐,D900,0.2956489524390256
2016-07-29,7,3093,港建*,D600,0.27029168410766274
2016-07-29,8,6207,雷科,D700,0.24670793951287945
2016-07-29,9,3131,弘塑,D600,0.20875950277964783
2016-07-29,10,3028,增你強,DB00,0.19884925084245184
2016-08-31,1,8032,光菱,DB00,0.5310873181050225
2016-08-31,2,6270,倍微,DB00,0.39796019319610726
2016-08-31,3,3555,博士旺,DB00,0.3805672603923543
2016-08-31,4,2441,超豐,D900,0.34133693010322996
2016-08-31,5,3567,逸昌,D900,0.2992339534820081
2016-08-31,6,2360,致茂,D600,0.29692656349433577
2016-08-31,7,3093,港建*,D600,0.2843825853872239
2016-08-31,8,3028,增你強,DB00,0.27751159949998605
2016-08-31,9,6207,雷科,D700,0.255689821681223
2016-08-31,10,3026,禾伸堂,DB00,0.22976501617969114
2016-09-30,1,8032,光菱,DB00,0.4269841002492931
2016-09-30,2,3555,博士旺,DB00,0.37973467675004846
2016-09-30,3,6270,倍微,DB00,0.37838320193997704
2016-09-30,4,2441,超豐,D900,0.32644668710602986
2016-09-30,5,3567,逸昌,D900,0.32136791888567695
2016-09-30,6,3093,港建*,D600,0.3052734484119017
2016-09-30,7,3028,增你強,DB00,0.2622890759411489
2016-09-30,8,6207,雷科,D700,0.25749765195152813
2016-09-30,9,2360,致茂,D600,0.25360746042775906
2016-09-30,10,8068,全達,DB00,0.24008687879614368
2016-10-31,1,6270,倍微,DB00,0.427572147837213
2016-10-31,2,3567,逸昌,D900,0.42551053970160696
2016-10-31,3,2441,超豐,D900,0.4023576196759223
2016-10-31,4,3555,博士旺,DB00,0.3764287801582862
2016-10-31,5,3093,港建*,D600,0.3360426452347811
2016-10-31,6,3028,增你強,DB00,0.27740930438191863
2016-10-31,7,8032,光菱,DB00,0.26678602603714513
2016-10-31,8,6207,雷科,D700,0.2653896180215233
2016-10-31,9,2360,致茂,D600,0.2621543302419516
2016-10-31,10,3030,德律,D600,0.25724883608531157
2016-11-30,1,3567,逸昌,D900,0.4297725122212737
2016-11-30,2,6270,倍微,DB00,0.4210757834908585
2016-11-30,3,2441,超豐,D900,0.4072281341722688
2016-11-30,4,3555,博士旺,DB00,0.3837615527795018
2016-11-30,5,2360,致茂,D600,0.3513953240843509
2016-11-30,6,3093,港建*,D600,0.3329654996264523
2016-11-30,7,3030,德律,D600,0.3031990867843949
2016-11-30,8,8032,光菱,DB00,0.27428453954222076
2016-11-30,9,6207,雷科,D700,0.2559786816291098
2016-11-30,10,3131,弘塑,D600,0.24935521149643766
2016-12-30,1,6270,倍微,DB00,0.4448240855820651
2016-12-30,2,3567,逸昌,D900,0.4141859684164829
2016-12-30,3,2441,超豐,D900,0.40784826864039814
2016-12-30,4,3555,博士旺,DB00,0.39086582331520764
2016-12-30,5,3093,港建*,D600,0.38827032804159456
2016-12-30,6,2360,致茂,D600,0.3875864180092287
2016-12-30,7,3030,德律,D600,0.3075872047962341
2016-12-30,8,6207,雷科,D700,0.2552416863545072
2016-12-30,9,5536,聖暉*,D600,0.24794676965222096
2016-12-30,10,3131,弘塑,D600,0.2406777181543283
2017-01-24,1,6270,倍微,DB00,0.4514788182333874
2017-01-24,2,3093,港建*,D600,0.4146240215240087
2017-01-24,3,2360,致茂,D600,0.40804228810615034
2017-01-24,4,3567,逸昌,D900,0.40433585290132495
2017-01-24,5,2441,超豐,D900,0.37543869944860725
2017-01-24,6,3030,德律,D600,0.3344648458733999
2017-01-24,7,6207,雷科,D700,0.2931342633652152
2017-01-24,8,3555,博士旺,DB00,0.28405972696725795
2017-01-24,9,8068,全達,DB00,0.2738039279764486
2017-01-24,10,8032,光菱,DB00,0.2467972629884842
2017-02-24,1,6270,倍微,DB00,0.5213017469063169
2017-02-24,2,3093,港建*,D600,0.4911688937492092
2017-02-24,3,3567,逸昌,D900,0.41302687777701663
2017-02-24,4,2441,超豐,D900,0.3938784122407882
2017-02-24,5,2360,致茂,D600,0.3176943388341781
2017-02-24,6,3555,博士旺,DB00,0.3121748690188164
2017-02-24,7,6207,雷科,D700,0.2729568521440051
2017-02-24,8,3030,德律,D600,0.25915686991384246
2017-02-24,9,2308,台達電,D600,0.25034213917230896
2017-02-24,10,3026,禾伸堂,DB00,0.24660345042601678
2017-03-31,1,6270,倍微,DB00,0.5096089128344412
2017-03-31,2,3093,港建*,D600,0.45523152626926083
2017-03-31,3,3567,逸昌,D900,0.3809351056362817
2017-03-31,4,8068,全達,DB00,0.3273994788735207
2017-03-31,5,2360,致茂,D600,0.3260982952827068
2017-03-31,6,2441,超豐,D900,0.30511652339117074
2017-03-31,7,3030,德律,D600,0.26551772512730404
2017-03-31,8,3555,博士旺,DB00,0.2610607711348164
2017-03-31,9,2308,台達電,D600,0.24465568488276754
2017-03-31,10,3026,禾伸堂,DB00,0.2256550432960584
2017-04-28,1,3093,港建*,D600,0.49286039785214136
2017-04-28,2,6270,倍微,DB00,0.45732022333823374
2017-04-28,3,3567,逸昌,D900,0.4193109081150227
2017-04-28,4,8068,全達,DB00,0.395150356400415
2017-04-28,5,2360,致茂,D600,0.34559783884913126
2017-04-28,6,2441,超豐,D900,0.28965072026516864
2017-04-28,7,3555,博士旺,DB00,0.2828472928546137
2017-04-28,8,3030,德律,D600,0.27758103640278947
2017-04-28,9,2308,台達電,D600,0.2677645506654954
2017-04-28,10,6207,雷科,D700,0.24933866963749735
2017-05-31,1,3093,港建*,D600,0.5747170435137275
2017-05-31,2,3567,逸昌,D900,0.46294479030155317
2017-05-31,3,6270,倍微,DB00,0.4121874565461538
2017-05-31,4,8068,全達,DB00,0.39007744839642705
2017-05-31,5,2360,致茂,D600,0.33937819969921657
2017-05-31,6,2308,台達電,D600,0.3128366338838761
2017-05-31,7,2441,超豐,D900,0.3083164971217859
2017-05-31,8,3555,博士旺,DB00,0.264920884085522
2017-05-31,9,3030,德律,D600,0.24699025689218188
2017-05-31,10,6207,雷科,D700,0.23966280514855545
2017-06-30,1,8068,全達,DB00,0.7965621566714544
2017-06-30,2,3093,港建*,D600,0.4402953045577792
2017-06-30,3,3567,逸昌,D900,0.4271293123599293
2017-06-30,4,6270,倍微,DB00,0.4141476008834314
2017-06-30,5,2308,台達電,D600,0.35914196380249175
2017-06-30,6,2360,致茂,D600,0.3294429309525648
2017-06-30,7,2441,超豐,D900,0.29706362622409227
2017-06-30,8,3555,博士旺,DB00,0.269434273812039
2017-06-30,9,3030,德律,D600,0.24411028757007686
2017-06-30,10,6207,雷科,D700,0.23991644748699192
2017-07-31,1,8068,全達,DB00,0.5774660564904268
2017-07-31,2,6270,倍微,DB00,0.44316677500354407
2017-07-31,3,3567,逸昌,D900,0.4173431421549427
2017-07-31,4,3093,港建*,D600,0.41393846942478046
2017-07-31,5,2360,致茂,D600,0.37799407945693675
2017-07-31,6,2308,台達電,D600,0.3243229397071759
2017-07-31,7,3555,博士旺,DB00,0.27423877449965545
2017-07-31,8,2441,超豐,D900,0.26852700727533463
2017-07-31,9,3131,弘塑,D600,0.219602517999563
2017-07-31,10,6207,雷科,D700,0.20271087107831937
2017-08-31,1,8068,全達,DB00,0.4766150640795836
2017-08-31,2,6270,倍微,DB00,0.44557130514172827
2017-08-31,3,3093,港建*,D600,0.4173859469269088
2017-08-31,4,3567,逸昌,D900,0.4140574844600489
2017-08-31,5,2360,致茂,D600,0.40243820411992354
2017-08-31,6,2308,台達電,D600,0.362293953478146
2017-08-31,7,3555,博士旺,DB00,0.27179443760513333
2017-08-31,8,2441,超豐,D900,0.2540363806139877
2017-08-31,9,3131,弘塑,D600,0.23386326672900073
2017-08-31,10,3030,德律,D600,0.20025274745711044
2017-09-30,1,3567,逸昌,D900,0.46030427718602285
2017-09-30,2,3093,港建*,D600,0.4540474105988583
2017-09-30,3,6270,倍微,DB00,0.42962930752066913
2017-09-30,4,2360,致茂,D600,0.40806214560423915
2017-09-30,5,2308,台達電,D600,0.33641616461650803
2017-09-30,6,8068,全達,DB00,0.3262770623738907
2017-09-30,7,2441,超豐,D900,0.26793979044103994
2017-09-30,8,3555,博士旺,DB00,0.252464430413543
2017-09-30,9,3131,弘塑,D600,0.2295565072501454
2017-09-30,10,3030,德律,D600,0.2100265707747926
2017-10-31,1,3567,逸昌,D900,0.5278681068220037
2017-10-31,2,3093,港建*,D600,0.5084200413763901
2017-10-31,3,8068,全達,DB00,0.5005916180032836
2017-10-31,4,2360,致茂,D600,0.4191259103531571
2017-10-31,5,6270,倍微,DB00,0.3639932754759641
2017-10-31,6,2308,台達電,D600,0.3199124327837702
2017-10-31,7,2441,超豐,D900,0.2634283512212702
2017-10-31,8,3555,博士旺,DB00,0.2455702073650275
2017-10-31,9,3131,弘塑,D600,0.23264101146710406
2017-10-31,10,3030,德律,D600,0.22402012833746154
2017-11-30,1,3567,逸昌,D900,0.48742323268304194
2017-11-30,2,8068,全達,DB00,0.46320831315129146
2017-11-30,3,3093,港建*,D600,0.444655940695399
2017-11-30,4,6270,倍微,DB00,0.3943014878172162
2017-11-30,5,2360,致茂,D600,0.38370939663216275
2017-11-30,6,2441,超豐,D900,0.27237111585402535
2017-11-30,7,3131,弘塑,D600,0.23478440556764724
2017-11-30,8,3030,德律,D600,0.22858197498073426
2017-11-30,9,2308,台達電,D600,0.22710362734517367
2017-11-30,10,6147,頎邦,D900,0.22708661788311443
2017-12-29,1,8068,全達,DB00,0.8617808097237669
2017-12-29,2,3093,港建*,D600,0.44444253307256587
2017-12-29,3,2360,致茂,D600,0.4409501119147816
2017-12-29,4,3567,逸昌,D900,0.43690304191567736
2017-12-29,5,6270,倍微,DB00,0.37256098923852193
2017-12-29,6,3026,禾伸堂,DB00,0.29286121414303784
2017-12-29,7,6147,頎邦,D900,0.27147515459824734
2017-12-29,8,2441,超豐,D900,0.26453976628678644
2017-12-29,9,3131,弘塑,D600,0.2349578684438938
2017-12-29,10,2308,台達電,D600,0.21955008426589925
2018-01-31,1,8068,全達,DB00,0.7291118917929309
2018-01-31,2,3093,港建*,D600,0.42020596063413357
2018-01-31,3,2360,致茂,D600,0.4137896708079431
2018-01-31,4,3567,逸昌,D900,0.40445142630209885
2018-01-31,5,6270,倍微,DB00,0.37754582428914063
2018-01-31,6,2308,台達電,D600,0.2560295354917138
2018-01-31,7,2441,超豐,D900,0.2411973219865349
2018-01-31,8,6147,頎邦,D900,0.20082596737083178
2018-01-31,9,3131,弘塑,D600,0.19282957227572306
2018-01-31,10,3528,安馳,DB00,0.18883697039280628
2018-02-27,1,8068,全達,DB00,0.45371261245311295
2018-02-27,2,3093,港建*,D600,0.45042151819840526
2018-02-27,3,3567,逸昌,D900,0.3765559533017684
2018-02-27,4,2360,致茂,D600,0.35531702008038424
2018-02-27,5,3030,德律,D600,0.31336064103496414
2018-02-27,6,6270,倍微,DB00,0.28569152228323885
2018-02-27,7,2441,超豐,D900,0.24456623748087672
2018-02-27,8,3131,弘塑,D600,0.24258358500230406
2018-02-27,9,2308,台達電,D600,0.23376006443507896
2018-02-27,10,3528,安馳,DB00,0.1870579605779882
2018-03-31,1,8068,全達,DB00,0.46856656285728693
2018-03-31,2,3093,港建*,D600,0.42407064191173055
2018-03-31,3,3567,逸昌,D900,0.36810425199017954
2018-03-31,4,2360,致茂,D600,0.34547163904570094
2018-03-31,5,6270,倍微,DB00,0.3394604576135502
2018-03-31,6,3030,德律,D600,0.2957563369572129
2018-03-31,7,3131,弘塑,D600,0.2257247626272282
2018-03-31,8,2441,超豐,D900,0.21977110768227665
2018-03-31,9,3026,禾伸堂,DB00,0.21768183638566957
2018-03-31,10,3528,安馳,DB00,0.20978986919116568
2018-04-30,1,8068,全達,DB00,0.5873781124399531
2018-04-30,2,3567,逸昌,D900,0.39231516352509127
2018-04-30,3,2360,致茂,D600,0.3792768637986127
2018-04-30,4,3093,港建*,D600,0.3503721892564501
2018-04-30,5,3030,德律,D600,0.32489080842514306
2018-04-30,6,6270,倍微,DB00,0.2647598933476165
2018-04-30,7,2308,台達電,D600,0.24290572931849416
2018-04-30,8,3131,弘塑,D600,0.23013540935358637
2018-04-30,9,3528,安馳,DB00,0.2109146614679898
2018-04-30,10,2441,超豐,D900,0.2082255514213899
2018-05-31,1,8068,全達,DB00,0.5221507479857213
2018-05-31,2,3567,逸昌,D900,0.3683649785244432
2018-05-31,3,2360,致茂,D600,0.3578313011789048
2018-05-31,4,3030,德律,D600,0.3389812615163041
2018-05-31,5,2308,台達電,D600,0.2688256362292475
2018-05-31,6,3131,弘塑,D600,0.24889163601017797
2018-05-31,7,6270,倍微,DB00,0.2312264135232597
2018-05-31,8,2441,超豐,D900,0.212732805127449
2018-05-31,9,3528,安馳,DB00,0.19561943878710344
2018-05-31,10,6207,雷科,D700,0.16734317954827166
2018-06-29,1,8068,全達,DB00,0.8583606883164898
2018-06-29,2,3219,倚強科,D600,0.4111375615041588
2018-06-29,3,2360,致茂,D600,0.31104106363234674
2018-06-29,4,3030,德律,D600,0.30083165503454184
2018-06-29,5,3567,逸昌,D900,0.2554486161944742
2018-06-29,6,2308,台達電,D600,0.23613108406375968
2018-06-29,7,3131,弘塑,D600,0.22414273530666365
2018-06-29,8,6270,倍微,DB00,0.2211491134862647
2018-06-29,9,2441,超豐,D900,0.20998694988979033
2018-06-29,10,6207,雷科,D700,0.19911709359359064
2018-07-31,1,8068,全達,DB00,0.9597146301839671
2018-07-31,2,3219,倚強科,D600,0.44126231133012217
2018-07-31,3,2360,致茂,D600,0.2911461453013878
2018-07-31,4,3030,德律,D600,0.2543239578800574
2018-07-31,5,3131,弘塑,D600,0.24723555896496016
2018-07-31,6,3567,逸昌,D900,0.23895643031287445
2018-07-31,7,3093,港建*,D600,0.23335539219353787
2018-07-31,8,6270,倍微,DB00,0.23047567859861437
2018-07-31,9,2441,超豐,D900,0.212892859001933
2018-07-31,10,3528,安馳,DB00,0.20573359789029275
2018-08-31,1,8068,全達,DB00,0.9126321309812685
2018-08-31,2,3219,倚強科,D600,0.38458598965514
2018-08-31,3,2360,致茂,D600,0.3134771415188031
2018-08-31,4,3093,港建*,D600,0.27430503487230706
2018-08-31,5,3131,弘塑,D600,0.2676240009986708
2018-08-31,6,3030,德律,D600,0.2498694543855909
2018-08-31,7,3567,逸昌,D900,0.24385613469072684
2018-08-31,8,6270,倍微,DB00,0.2426370998688478
2018-08-31,9,2441,超豐,D900,0.22484424194834104
2018-08-31,10,6147,頎邦,D900,0.21409500325945777
2018-09-28,1,8068,全達,DB00,0.570621407997132
2018-09-28,2,3219,倚強科,D600,0.5498401782220509
2018-09-28,3,2360,致茂,D600,0.32023189979137195
2018-09-28,4,3131,弘塑,D600,0.2730434626728001
2018-09-28,5,3030,德律,D600,0.24495875740912562
2018-09-28,6,2441,超豐,D900,0.24402255045682472
2018-09-28,7,3567,逸昌,D900,0.23104151872061723
2018-09-28,8,3093,港建*,D600,0.23026781528641882
2018-09-28,9,2308,台達電,D600,0.2185407764124014
2018-09-28,10,6270,倍微,DB00,0.21099722273389793
2018-10-31,1,8068,全達,DB00,1.0011176547449196
2018-10-31,2,3219,倚強科,D600,0.5430377662903226
2018-10-31,3,2360,致茂,D600,0.3575981266966037
2018-10-31,4,2308,台達電,D600,0.3303173164374072
2018-10-31,5,3131,弘塑,D600,0.32670808618684766
2018-10-31,6,3030,德律,D600,0.297877480852335
2018-10-31,7,3093,港建*,D600,0.27570717497545993
2018-10-31,8,2441,超豐,D900,0.26948327214559054
2018-10-31,9,3567,逸昌,D900,0.23883431404157343
2018-10-31,10,6270,倍微,DB00,0.22293524857188896
2018-11-30,1,8068,全達,DB00,1.2704803877204431
2018-11-30,2,3219,倚強科,D600,0.6618038825191356
2018-11-30,3,2360,致茂,D600,0.4248237238461552
2018-11-30,4,3131,弘塑,D600,0.3546046023835143
2018-11-30,5,2308,台達電,D600,0.3009016475192153
2018-11-30,6,3030,德律,D600,0.2810610173139799
2018-11-30,7,2441,超豐,D900,0.25832191096054036
2018-11-30,8,6270,倍微,DB00,0.24723592570691671
2018-11-30,9,3567,逸昌,D900,0.22687677410538
2018-11-30,10,3093,港建*,D600,0.21165057141107044
2018-12-28,1,8068,全達,DB00,1.0764858575727305
2018-12-28,2,3219,倚強科,D600,0.6829859711405422
2018-12-28,3,2360,致茂,D600,0.4206570860347773
2018-12-28,4,3131,弘塑,D600,0.3659218271329518
2018-12-28,5,2308,台達電,D600,0.3478159385334165
2018-12-28,6,3030,德律,D600,0.31204461276529366
2018-12-28,7,2441,超豐,D900,0.29105107246534123
2018-12-28,8,6270,倍微,DB00,0.23415382707617982
2018-12-28,9,3555,博士旺,DB00,0.21693477168850642
2018-12-28,10,3567,逸昌,D900,0.21589007158499254
2019-01-30,1,8068,全達,DB00,1.03930109869559
2019-01-30,2,3131,弘塑,D600,0.4285378210921073
2019-01-30,3,2360,致茂,D600,0.4212482822753553
2019-01-30,4,2308,台達電,D600,0.35207745764402054
2019-01-30,5,3030,德律,D600,0.2994207854516739
2019-01-30,6,2441,超豐,D900,0.2980511252081373
2019-01-30,7,6270,倍微,DB00,0.24720753464665582
2019-01-30,8,6147,頎邦,D900,0.21706166794327095
2019-01-30,9,2347,聯強,DB00,0.18472084374791478
2019-01-30,10,3528,安馳,DB00,0.1643125904586691
2019-02-27,1,8068,全達,DB00,0.7900129689613982
2019-02-27,2,3131,弘塑,D600,0.4399446042189327
2019-02-27,3,2360,致茂,D600,0.4301386181738024
2019-02-27,4,2308,台達電,D600,0.3809669644876901
2019-02-27,5,3030,德律,D600,0.3278675545064679
2019-02-27,6,2441,超豐,D900,0.2893639160674842
2019-02-27,7,2347,聯強,DB00,0.22445253533948495
2019-02-27,8,6147,頎邦,D900,0.2174643780987043
2019-02-27,9,6270,倍微,DB00,0.19330822937429246
2019-02-27,10,6277,宏正,D600,0.19119730700882878
2019-03-29,1,8068,全達,DB00,0.6093656020687129
2019-03-29,2,3131,弘塑,D600,0.4379856397474331
2019-03-29,3,2360,致茂,D600,0.40244025585250737
2019-03-29,4,2308,台達電,D600,0.3563052968570194
2019-03-29,5,3030,德律,D600,0.3224893758116062
2019-03-29,6,2441,超豐,D900,0.2792305528789112
2019-03-29,7,2347,聯強,DB00,0.21330741773753836
2019-03-29,8,6147,頎邦,D900,0.21310160103787126
2019-03-29,9,6277,宏正,D600,0.1653117269136011
2019-03-29,10,6239,力成,D900,0.148769779654491
2019-04-30,1,8068,全達,DB00,0.5173413871473885
2019-04-30,2,3131,弘塑,D600,0.4841258878523559
2019-04-30,3,2360,致茂,D600,0.4228851309175203
2019-04-30,4,3030,德律,D600,0.3440671025026523
2019-04-30,5,2308,台達電,D600,0.34298353448117547
2019-04-30,6,2441,超豐,D900,0.30625085454949924
2019-04-30,7,2347,聯強,DB00,0.24347960173398375
2019-04-30,8,6147,頎邦,D900,0.23245301392226222
2019-04-30,9,2337,旺宏,D900,0.16179295792205195
2019-04-30,10,3189,景碩,D700,0.14695837127965658
2019-05-31,1,3131,弘塑,D600,0.4917111523265458
2019-05-31,2,2360,致茂,D600,0.37244898172527946
2019-05-31,3,2308,台達電,D600,0.34903202075192175
2019-05-31,4,3030,德律,D600,0.3290835205028478
2019-05-31,5,8068,全達,DB00,0.32348189010728395
2019-05-31,6,2441,超豐,D900,0.31383598676323105
2019-05-31,7,6147,頎邦,D900,0.23291618902807332
2019-05-31,8,2347,聯強,DB00,0.20475306122291637
2019-05-31,9,3528,安馳,DB00,0.1724280409173027
2019-05-31,10,6277,宏正,D600,0.17214875411333566
2019-06-28,1,3131,弘塑,D600,0.4844336666248403
2019-06-28,2,2360,致茂,D600,0.38143586932442786
2019-06-28,3,8068,全達,DB00,0.36640297819228307
2019-06-28,4,3030,德律,D600,0.34890673135662015
2019-06-28,5,2441,超豐,D900,0.3374281180715708
2019-06-28,6,2308,台達電,D600,0.31837370438104806
2019-06-28,7,6147,頎邦,D900,0.2243294542556344
2019-06-28,8,2347,聯強,DB00,0.19140751437746895
2019-06-28,9,3189,景碩,D700,0.17240446983131583
2019-06-28,10,2337,旺宏,D900,0.16764740912782725
2019-07-31,1,3131,弘塑,D600,0.4851177203323413
2019-07-31,2,2360,致茂,D600,0.4373814915017755
2019-07-31,3,3030,德律,D600,0.37929127722142714
2019-07-31,4,2441,超豐,D900,0.32523878093651337
2019-07-31,5,2308,台達電,D600,0.32149283069704326
2019-07-31,6,8068,全達,DB00,0.2707462462814598
2019-07-31,7,6147,頎邦,D900,0.22466367995397624
2019-07-31,8,2337,旺宏,D900,0.21935441203541758
2019-07-31,9,3189,景碩,D700,0.19586993035531564
2019-07-31,10,2449,京元電子,D900,0.1561465014487075
2019-08-30,1,3131,弘塑,D600,0.46339187006948807
2019-08-30,2,3030,德律,D600,0.3960752638049898
2019-08-30,3,2360,致茂,D600,0.39431588323652245
2019-08-30,4,2308,台達電,D600,0.32947406641214927
2019-08-30,5,2441,超豐,D900,0.29235347728294275
2019-08-30,6,8068,全達,DB00,0.21755433950640968
2019-08-30,7,3189,景碩,D700,0.2114018571629743
2019-08-30,8,6147,頎邦,D900,0.20933787169579715
2019-08-30,9,2337,旺宏,D900,0.1692950037794004
2019-08-30,10,2449,京元電子,D900,0.16685689688390773
2019-09-27,1,3131,弘塑,D600,0.47029333700348147
2019-09-27,2,3030,德律,D600,0.4063246639538414
2019-09-27,3,2360,致茂,D600,0.3933182177126148
2019-09-27,4,2308,台達電,D600,0.3061751702929637
2019-09-27,5,2441,超豐,D900,0.29770928641906275
2019-09-27,6,8068,全達,DB00,0.27663756333028783
2019-09-27,7,2449,京元電子,D900,0.23323569629605148
2019-09-27,8,3189,景碩,D700,0.21053848793269675
2019-09-27,9,6147,頎邦,D900,0.20388891732106043
2019-09-27,10,2337,旺宏,D900,0.17067383397098104
2019-10-31,1,3131,弘塑,D600,0.4672526756112123
2019-10-31,2,2360,致茂,D600,0.3983056063339408
2019-10-31,3,3030,德律,D600,0.3804259435293223
2019-10-31,4,2441,超豐,D900,0.300479852847733
2019-10-31,5,2308,台達電,D600,0.2937854301474065
2019-10-31,6,8068,全達,DB00,0.24764922074879467
2019-10-31,7,2449,京元電子,D900,0.23960223789036592
2019-10-31,8,6147,頎邦,D900,0.19858983354817333
2019-10-31,9,3189,景碩,D700,0.18285819845237214
2019-10-31,10,3528,安馳,DB00,0.17847290428264823
2019-11-29,1,3131,弘塑,D600,0.43724760952808117
2019-11-29,2,2360,致茂,D600,0.4081664536801706
2019-11-29,3,3030,德律,D600,0.39476410946650264
2019-11-29,4,2441,超豐,D900,0.31419653180258794
2019-11-29,5,2308,台達電,D600,0.26139182223328206
2019-11-29,6,2449,京元電子,D900,0.23077767100233723
2019-11-29,7,3189,景碩,D700,0.22002309020585972
2019-11-29,8,6147,頎邦,D900,0.1958600120061309
2019-11-29,9,6277,宏正,D600,0.186551908611664
2019-11-29,10,3528,安馳,DB00,0.17687866187823859
2019-12-31,1,2360,致茂,D600,0.45009361523119334
2019-12-31,2,3131,弘塑,D600,0.4410908280686087
2019-12-31,3,3030,德律,D600,0.39465397925858203
2019-12-31,4,2441,超豐,D900,0.30851342283340394
2019-12-31,5,2449,京元電子,D900,0.2433589542860701
2019-12-31,6,8067,志旭,DB00,0.23694286532780515
2019-12-31,7,2308,台達電,D600,0.22469258415687582
2019-12-31,8,3189,景碩,D700,0.2230462132342554
2019-12-31,9,8068,全達,DB00,0.20530603395894922
2019-12-31,10,6147,頎邦,D900,0.20421079661973027
2020-01-31,1,2360,致茂,D600,0.44169736438826984
2020-01-31,2,3131,弘塑,D600,0.39749574394823334
2020-01-31,3,3030,德律,D600,0.3869801237990641
2020-01-31,4,2441,超豐,D900,0.3051256468050717
2020-01-31,5,8067,志旭,DB00,0.2693750795564094
2020-01-31,6,3189,景碩,D700,0.25033483295915304
2020-01-31,7,2449,京元電子,D900,0.2347781153509052
2020-01-31,8,6147,頎邦,D900,0.19691547250105276
2020-01-31,9,2308,台達電,D600,0.19176422711918636
2020-01-31,10,3528,安馳,DB00,0.1738723617480185
2020-02-27,1,2360,致茂,D600,0.45045729821450275
2020-02-27,2,3131,弘塑,D600,0.4088491887580089
2020-02-27,3,3030,德律,D600,0.3746101774794842
2020-02-27,4,2441,超豐,D900,0.3104297349861442
2020-02-27,5,8067,志旭,DB00,0.305276294633542
2020-02-27,6,3189,景碩,D700,0.2240809313405128
2020-02-27,7,6147,頎邦,D900,0.2051466013185515
2020-02-27,8,2449,京元電子,D900,0.2036949126061011
2020-02-27,9,3402,漢科,D600,0.17436893921358357
2020-02-27,10,2308,台達電,D600,0.16760223005896024
2020-03-31,1,2360,致茂,D600,0.4481567876185508
2020-03-31,2,3030,德律,D600,0.350526574088572
2020-03-31,3,3131,弘塑,D600,0.34976831865323504
2020-03-31,4,2449,京元電子,D900,0.32228906272099045
2020-03-31,5,8068,全達,DB00,0.295714898624416
2020-03-31,6,2441,超豐,D900,0.26251087676488843
2020-03-31,7,3189,景碩,D700,0.21012635477547292
2020-03-31,8,6147,頎邦,D900,0.20929424751073203
2020-03-31,9,2308,台達電,D600,0.1950455018196124
2020-03-31,10,3528,安馳,DB00,0.18999307691430622
2020-04-30,1,2360,致茂,D600,0.4521447524404007
2020-04-30,2,3131,弘塑,D600,0.3646914627855285
2020-04-30,3,3030,德律,D600,0.3406642277713948
2020-04-30,4,2449,京元電子,D900,0.29654387154170325
2020-04-30,5,2441,超豐,D900,0.25243454562381745
2020-04-30,6,8068,全達,DB00,0.24215921937156873
2020-04-30,7,6147,頎邦,D900,0.1959892532916692
2020-04-30,8,3189,景碩,D700,0.18299627531280913
2020-04-30,9,6277,宏正,D600,0.18076585988724542
2020-04-30,10,2308,台達電,D600,0.17345397668432175
2020-05-29,1,2360,致茂,D600,0.4624210032907555
2020-05-29,2,3030,德律,D600,0.3711329637003781
2020-05-29,3,3131,弘塑,D600,0.349884028307971
2020-05-29,4,2441,超豐,D900,0.2763764472454784
2020-05-29,5,2449,京元電子,D900,0.2714225060778404
2020-05-29,6,8084,巨虹,DB00,0.24077492737086037
2020-05-29,7,6147,頎邦,D900,0.21159242092754607
2020-05-29,8,2308,台達電,D600,0.20209266887055274
2020-05-29,9,3528,安馳,DB00,0.1987239156585518
2020-05-29,10,6277,宏正,D600,0.19502930736809163
2020-06-30,1,2360,致茂,D600,0.39122103379758616
2020-06-30,2,3030,德律,D600,0.37411857624046824
2020-06-30,3,3131,弘塑,D600,0.3360333604134412
2020-06-30,4,2441,超豐,D900,0.24369806339407707
2020-06-30,5,5344,立衛,D900,0.2365529037342195
2020-06-30,6,6147,頎邦,D900,0.23112282415098018
2020-06-30,7,2449,京元電子,D900,0.21963689377363482
2020-06-30,8,3189,景碩,D700,0.19164549674295905
2020-06-30,9,2347,聯強,DB00,0.1864344657428656
2020-06-30,10,3528,安馳,DB00,0.1835621445814017
2020-07-31,1,2360,致茂,D600,0.41651636492990274
2020-07-31,2,3030,德律,D600,0.2989527541680429
2020-07-31,3,3131,弘塑,D600,0.27885151395227165
2020-07-31,4,2441,超豐,D900,0.2659436655879064
2020-07-31,5,2449,京元電子,D900,0.23252627897812117
2020-07-31,6,5344,立衛,D900,0.1924530624271146
2020-07-31,7,6147,頎邦,D900,0.18813325470619052
2020-07-31,8,3189,景碩,D700,0.16970449654397413
2020-07-31,9,2347,聯強,DB00,0.1634343387902121
2020-07-31,10,3528,安馳,DB00,0.15847244186630347
2020-08-31,1,2360,致茂,D600,0.4078894740605258
2020-08-31,2,3131,弘塑,D600,0.2967815917405891
2020-08-31,3,2441,超豐,D900,0.2606174249883793
2020-08-31,4,2449,京元電子,D900,0.24037675703584946
2020-08-31,5,3030,德律,D600,0.222119192069096
2020-08-31,6,5344,立衛,D900,0.2116626667443793
2020-08-31,7,3189,景碩,D700,0.2076580204992309
2020-08-31,8,6147,頎邦,D900,0.18068647223963494
2020-08-31,9,3528,安馳,DB00,0.1370955470841418
2020-08-31,10,2347,聯強,DB00,0.1351941363293268
2020-09-30,1,2360,致茂,D600,0.3777204316440898
2020-09-30,2,3131,弘塑,D600,0.2955202855253717
2020-09-30,3,2441,超豐,D900,0.2211705687491387
2020-09-30,4,5344,立衛,D900,0.21728469653503682
2020-09-30,5,2449,京元電子,D900,0.2045981620336103
2020-09-30,6,3030,德律,D600,0.2022180574825577
2020-09-30,7,3189,景碩,D700,0.17880107688592844
2020-09-30,8,6147,頎邦,D900,0.1705414292237038
2020-09-30,9,8109,博大,D900,0.14126825045860048
2020-09-30,10,6270,倍微,DB00,0.10502889734360293
2020-10-30,1,2360,致茂,D600,0.39015309680077437
2020-10-30,2,3131,弘塑,D600,0.28766168492272487
2020-10-30,3,2449,京元電子,D900,0.2743459106323068
2020-10-30,4,2441,超豐,D900,0.23600893991236901
2020-10-30,5,5344,立衛,D900,0.22247854034241218
2020-10-30,6,8109,博大,D900,0.21420777383816988
2020-10-30,7,3030,德律,D600,0.20442171935966305
2020-10-30,8,6147,頎邦,D900,0.19972969489670525
2020-10-30,9,3189,景碩,D700,0.1750718092806493
2020-10-30,10,3555,博士旺,DB00,0.16728044922369253
2020-11-30,1,2360,致茂,D600,0.3679689924722685
2020-11-30,2,2449,京元電子,D900,0.2943073378502428
2020-11-30,3,3131,弘塑,D600,0.2609100032906619
2020-11-30,4,2441,超豐,D900,0.2547678269163875
2020-11-30,5,8109,博大,D900,0.2480270779820638
2020-11-30,6,6147,頎邦,D900,0.21031018290983589
2020-11-30,7,3189,景碩,D700,0.1831719484632103
2020-11-30,8,3555,博士旺,DB00,0.13351413204711754
2020-11-30,9,3030,德律,D600,0.13264370844726728
2020-11-30,10,3264,欣銓,D900,0.13217899680263467
2020-12-31,1,2360,致茂,D600,0.4028989719189375
2020-12-31,2,2449,京元電子,D900,0.2928361231193245
2020-12-31,3,2441,超豐,D900,0.2811851875483552
2020-12-31,4,3131,弘塑,D600,0.24398984569671622
2020-12-31,5,8109,博大,D900,0.23733350352577917
2020-12-31,6,6147,頎邦,D900,0.20628291788757225
2020-12-31,7,3189,景碩,D700,0.19323108212931167
2020-12-31,8,6270,倍微,DB00,0.13770458392035195
2020-12-31,9,6257,矽格,D900,0.1366557994853517
2020-12-31,10,3030,德律,D600,0.13628531859871237
2021-01-29,1,2441,超豐,D900,0.3799057629443538
2021-01-29,2,2449,京元電子,D900,0.3787182518917693
2021-01-29,3,2360,致茂,D600,0.36451649361665855
2021-01-29,4,6147,頎邦,D900,0.1932434726273186
2021-01-29,5,8109,博大,D900,0.17428887360027587
2021-01-29,6,3189,景碩,D700,0.17087742893055421
2021-01-29,7,6257,矽格,D900,0.17040176459801967
2021-01-29,8,3264,欣銓,D900,0.15054060272671319
2021-01-29,9,3131,弘塑,D600,0.1341453371537377
2021-01-29,10,3030,德律,D600,0.11129315526046622
2021-02-26,1,2360,致茂,D600,0.3206739012468092
2021-02-26,2,2449,京元電子,D900,0.30367105562580826
2021-02-26,3,2441,超豐,D900,0.27192546193967754
2021-02-26,4,8109,博大,D900,0.1971958653244192
2021-02-26,5,6147,頎邦,D900,0.16256294999196735
2021-02-26,6,8070,長華*,D600,0.15750398557925255
2021-02-26,7,3189,景碩,D700,0.15443622153463651
2021-02-26,8,6257,矽格,D900,0.1311684925464674
2021-02-26,9,3131,弘塑,D600,0.10748089269615996
2021-02-26,10,3030,德律,D600,0.10383709964102117
2021-03-31,1,2360,致茂,D600,0.28939584662414064
2021-03-31,2,2441,超豐,D900,0.28185972426891187
2021-03-31,3,2449,京元電子,D900,0.27853115444705434
2021-03-31,4,6147,頎邦,D900,0.15761839817275605
2021-03-31,5,3189,景碩,D700,0.15434216082952631
2021-03-31,6,8109,博大,D900,0.15371401868035095
2021-03-31,7,8070,長華*,D600,0.1488583751340065
2021-03-31,8,3567,逸昌,D900,0.1378446193160115
2021-03-31,9,6257,矽格,D900,0.11373118875237978
2021-03-31,10,2337,旺宏,D900,0.11167060403289009
2021-04-29,1,2441,超豐,D900,0.3408300240766767
2021-04-29,2,2449,京元電子,D900,0.30965914370885605
2021-04-29,3,2360,致茂,D600,0.2814460340436943
2021-04-29,4,3093,港建*,D600,0.21393958494045295
2021-04-29,5,8109,博大,D900,0.1934618586368852
2021-04-29,6,8070,長華*,D600,0.19167820152355575
2021-04-29,7,5344,立衛,D900,0.18402974098452035
2021-04-29,8,6147,頎邦,D900,0.1802616962158708
2021-04-29,9,3189,景碩,D700,0.16021288113954654
2021-04-29,10,6257,矽格,D900,0.13580212809927159
2021-05-31,1,2441,超豐,D900,0.32731305057484356
2021-05-31,2,2360,致茂,D600,0.3064216877878539
2021-05-31,3,2449,京元電子,D900,0.3058664734890124
2021-05-31,4,8067,志旭,DB00,0.26314382442273965
2021-05-31,5,3093,港建*,D600,0.240129924382849
2021-05-31,6,5344,立衛,D900,0.19482672312402657
2021-05-31,7,1410,南染,D900,0.18251817277003968
2021-05-31,8,6147,頎邦,D900,0.18210717306460472
2021-05-31,9,8070,長華*,D600,0.1818224181208987
2021-05-31,10,3048,益登,DB00,0.1697960627352936
2021-06-30,1,2360,致茂,D600,0.2986595491128801
2021-06-30,2,8067,志旭,DB00,0.28051949892478967
2021-06-30,3,2441,超豐,D900,0.24095506176865944
2021-06-30,4,3093,港建*,D600,0.2396912009336931
2021-06-30,5,2449,京元電子,D900,0.2266069178728615
2021-06-30,6,5344,立衛,D900,0.22251239730884742
2021-06-30,7,3048,益登,DB00,0.1648676803651632
2021-06-30,8,1410,南染,D900,0.1570000086849048
2021-06-30,9,2337,旺宏,D900,0.1530853208883634
2021-06-30,10,6147,頎邦,D900,0.14942117485317383
2021-07-30,1,3054,立萬利,DA00,0.304870432062959
2021-07-30,2,2360,致茂,D600,0.26823522157036017
2021-07-30,3,2441,超豐,D900,0.2615438896735107
2021-07-30,4,2449,京元電子,D900,0.25286859797618055
2021-07-30,5,5344,立衛,D900,0.23457432644952156
2021-07-30,6,3048,益登,DB00,0.21675211056521118
2021-07-30,7,2337,旺宏,D900,0.17793907299276088
2021-07-30,8,1410,南染,D900,0.17718407098798017
2021-07-30,9,8109,博大,D900,0.17591777998826186
2021-07-30,10,3702,大聯大,DB00,0.16792023673127493
2021-08-31,1,3054,立萬利,DA00,0.42630250884656434
2021-08-31,2,3048,益登,DB00,0.26340177758576394
2021-08-31,3,2360,致茂,D600,0.26269794510832833
2021-08-31,4,2449,京元電子,D900,0.24500643462003777
2021-08-31,5,5344,立衛,D900,0.23763862680822412
2021-08-31,6,8109,博大,D900,0.2080065556351614
2021-08-31,7,2441,超豐,D900,0.20385805427713838
2021-08-31,8,2337,旺宏,D900,0.19172596886034235
2021-08-31,9,1410,南染,D900,0.1813351704942513
2021-08-31,10,3702,大聯大,DB00,0.17887909955173015
2021-09-30,1,3054,立萬利,DA00,0.3034290793897
2021-09-30,2,3048,益登,DB00,0.28296837788411033
2021-09-30,3,2360,致茂,D600,0.26263183062556533
2021-09-30,4,2449,京元電子,D900,0.24961576834309032
2021-09-30,5,5344,立衛,D900,0.24422384291511398
2021-09-30,6,8109,博大,D900,0.22627317564539284
2021-09-30,7,2337,旺宏,D900,0.21188596420841152
2021-09-30,8,1410,南染,D900,0.20636482127559724
2021-09-30,9,2441,超豐,D900,0.19376880221826617
2021-09-30,10,3702,大聯大,DB00,0.1708431887594955
2021-10-29,1,3048,益登,DB00,0.30429967896409144
2021-10-29,2,2360,致茂,D600,0.2529826347030637
2021-10-29,3,1410,南染,D900,0.23142653634730692
2021-10-29,4,2449,京元電子,D900,0.22909531731378743
2021-10-29,5,5344,立衛,D900,0.21721767004609552
2021-10-29,6,2337,旺宏,D900,0.2153151104814942
2021-10-29,7,8109,博大,D900,0.19711631073303265
2021-10-29,8,2441,超豐,D900,0.1818558059793627
2021-10-29,9,3702,大聯大,DB00,0.17502609845786982
2021-10-29,10,6147,頎邦,D900,0.14743909980828218
2021-11-30,1,3048,益登,DB00,0.3094831580296252
2021-11-30,2,2360,致茂,D600,0.24439586783543085
2021-11-30,3,2449,京元電子,D900,0.2296684573505216
2021-11-30,4,1410,南染,D900,0.22854568918971305
2021-11-30,5,2337,旺宏,D900,0.20806316869179986
2021-11-30,6,8109,博大,D900,0.1931495243758156
2021-11-30,7,2441,超豐,D900,0.17841702001018214
2021-11-30,8,5344,立衛,D900,0.17030482252219528
2021-11-30,9,3702,大聯大,DB00,0.13975013267569186
2021-11-30,10,6147,頎邦,D900,0.13320455245561094
2021-12-30,1,3048,益登,DB00,0.3098388502092493
2021-12-30,2,2360,致茂,D600,0.26386590454187553
2021-12-30,3,1410,南染,D900,0.2558902775273944
2021-12-30,4,2449,京元電子,D900,0.2198254674103136
2021-12-30,5,2337,旺宏,D900,0.2083965786268997
2021-12-30,6,8109,博大,D900,0.20031518665285888
2021-12-30,7,2441,超豐,D900,0.19079815363077413
2021-12-30,8,3702,大聯大,DB00,0.14398556626324446
2021-12-30,9,6147,頎邦,D900,0.13460790693073396
2021-12-30,10,6189,豐藝,DB00,0.13412078093752222
2022-01-26,1,3048,益登,DB00,0.2950790718005579
2022-01-26,2,2360,致茂,D600,0.23028166899913594
2022-01-26,3,2449,京元電子,D900,0.22974950967834923
2022-01-26,4,2337,旺宏,D900,0.20524521424301514
2022-01-26,5,1410,南染,D900,0.20467327354306825
2022-01-26,6,8109,博大,D900,0.19403513750738619
2022-01-26,7,2441,超豐,D900,0.18460140621445742
2022-01-26,8,3702,大聯大,DB00,0.14304315897238679
2022-01-26,9,8067,志旭,DB00,0.13806370976670518
2022-01-26,10,5344,立衛,D900,0.13630188274058153
2022-02-25,1,3048,益登,DB00,0.28034553153772557
2022-02-25,2,2449,京元電子,D900,0.24619305831069904
2022-02-25,3,2360,致茂,D600,0.22659846516708326
2022-02-25,4,2337,旺宏,D900,0.2246235742321453
2022-02-25,5,1410,南染,D900,0.22197972058722187
2022-02-25,6,8109,博大,D900,0.20475477102071168
2022-02-25,7,2441,超豐,D900,0.18904075353746408
2022-02-25,8,3702,大聯大,DB00,0.15612144335586467
2022-02-25,9,6189,豐藝,DB00,0.14291635868124
2022-02-25,10,8067,志旭,DB00,0.13126890090761856
2022-03-31,1,3048,益登,DB00,0.2720122194148569
2022-03-31,2,2360,致茂,D600,0.24736066884578958
2022-03-31,3,2449,京元電子,D900,0.24360030114432954
2022-03-31,4,2337,旺宏,D900,0.22596806019372537
2022-03-31,5,2441,超豐,D900,0.1955677504666121
2022-03-31,6,8109,博大,D900,0.1865932074441472
2022-03-31,7,1410,南染,D900,0.17383572190172614
2022-03-31,8,3702,大聯大,DB00,0.17274627523865912
2022-03-31,9,3224,三顧,DB00,0.1443544202126852
2022-03-31,10,5344,立衛,D900,0.14434359508525807
2022-04-29,1,2360,致茂,D600,0.26757738564543143
2022-04-29,2,3048,益登,DB00,0.2560775984802311
2022-04-29,3,2449,京元電子,D900,0.22034770344240298
2022-04-29,4,2337,旺宏,D900,0.21095293126750417
2022-04-29,5,2441,超豐,D900,0.19640992260442916
2022-04-29,6,3702,大聯大,DB00,0.19235297034814114
2022-04-29,7,1410,南染,D900,0.167454427943312
2022-04-29,8,8109,博大,D900,0.15685589351239254
2022-04-29,9,5344,立衛,D900,0.14849537307208283
2022-04-29,10,6189,豐藝,DB00,0.1411250613266782
2022-05-31,1,2360,致茂,D600,0.2673226499814894
2022-05-31,2,3048,益登,DB00,0.26143068650850376
2022-05-31,3,3702,大聯大,DB00,0.1996168893625895
2022-05-31,4,2449,京元電子,D900,0.19681110043331293
2022-05-31,5,2337,旺宏,D900,0.18886540063708676
2022-05-31,6,2441,超豐,D900,0.18500831803958265
2022-05-31,7,8109,博大,D900,0.1551814964870708
2022-05-31,8,1410,南染,D900,0.1521022044050007
2022-05-31,9,5344,立衛,D900,0.1380353218850205
2022-05-31,10,6189,豐藝,DB00,0.1321733520747654
2022-06-30,1,2360,致茂,D600,0.2688976832357069
2022-06-30,2,3048,益登,DB00,0.26073334595933717
2022-06-30,3,2441,超豐,D900,0.2014088212103812
2022-06-30,4,3702,大聯大,DB00,0.2012531260280937
2022-06-30,5,2449,京元電子,D900,0.19868914288225542
2022-06-30,6,2337,旺宏,D900,0.19159355757783153
2022-06-30,7,1410,南染,D900,0.19132684801585753
2022-06-30,8,5344,立衛,D900,0.1681811783393829
2022-06-30,9,8109,博大,D900,0.14657240840798194
2022-06-30,10,2347,聯強,DB00,0.14295071706077248
2022-07-29,1,3048,益登,DB00,0.2635656733611648
2022-07-29,2,1410,南染,D900,0.26259090538321134
2022-07-29,3,2449,京元電子,D900,0.245822741604044
2022-07-29,4,2441,超豐,D900,0.215165515079782
2022-07-29,5,2360,致茂,D600,0.21394109213383924
2022-07-29,6,3702,大聯大,DB00,0.20020226807625577
2022-07-29,7,2337,旺宏,D900,0.18932250716468813
2022-07-29,8,6189,豐藝,DB00,0.1602541706202789
2022-07-29,9,6147,頎邦,D900,0.1505517264918933
2022-07-29,10,5344,立衛,D900,0.1270782281754095
2022-08-31,1,3048,益登,DB00,0.26752693184691245
2022-08-31,2,2449,京元電子,D900,0.25663026513447684
2022-08-31,3,2441,超豐,D900,0.2374939089829046
2022-08-31,4,1410,南染,D900,0.2358862574794691
2022-08-31,5,3702,大聯大,DB00,0.21594473575479942
2022-08-31,6,6189,豐藝,DB00,0.20633645391386998
2022-08-31,7,2337,旺宏,D900,0.19161002386098752
2022-08-31,8,2360,致茂,D600,0.18598155406634825
2022-08-31,9,8109,博大,D900,0.16011849267682124
2022-08-31,10,2347,聯強,DB00,0.14443746507827612
2022-09-30,1,3048,益登,DB00,0.27418461152042956
2022-09-30,2,2449,京元電子,D900,0.257118644632615
2022-09-30,3,2441,超豐,D900,0.24675448634043143
2022-09-30,4,3702,大聯大,DB00,0.24406346843691956
2022-09-30,5,1410,南染,D900,0.21411677993584938
2022-09-30,6,6189,豐藝,DB00,0.20614804549748444
2022-09-30,7,8109,博大,D900,0.1921111341830881
2022-09-30,8,2337,旺宏,D900,0.18882102529325873
2022-09-30,9,2360,致茂,D600,0.16967774844463182
2022-09-30,10,6147,頎邦,D900,0.15543727164025228
2022-10-31,1,2449,京元電子,D900,0.26856575086446277
2022-10-31,2,3048,益登,DB00,0.26144403114342646
2022-10-31,3,2441,超豐,D900,0.24057646536988753
2022-10-31,4,6189,豐藝,DB00,0.22062390594082157
2022-10-31,5,3702,大聯大,DB00,0.21714645123656057
2022-10-31,6,2337,旺宏,D900,0.20548092852784453
2022-10-31,7,8109,博大,D900,0.18360237669098445
2022-10-31,8,2360,致茂,D600,0.16245993422410684
2022-10-31,9,6147,頎邦,D900,0.1578569294383475
2022-10-31,10,8112,至上,DB00,0.15417551132623114
2022-11-30,1,3048,益登,DB00,0.2741967022088322
2022-11-30,2,2449,京元電子,D900,0.253090768015798
2022-11-30,3,2441,超豐,D900,0.2310737242060715
2022-11-30,4,6189,豐藝,DB00,0.22151943490145415
2022-11-30,5,2337,旺宏,D900,0.19863511010562593
2022-11-30,6,3702,大聯大,DB00,0.1854106420078746
2022-11-30,7,8109,博大,D900,0.17428573242897308
2022-11-30,8,8110,華東,D900,0.15425013227689316
2022-11-30,9,6257,矽格,D900,0.15026167395500345
2022-11-30,10,2347,聯強,DB00,0.1497324068294692
2022-12-30,1,3048,益登,DB00,0.28335069859105244
2022-12-30,2,2449,京元電子,D900,0.2501770624787974
2022-12-30,3,6189,豐藝,DB00,0.22558514644422206
2022-12-30,4,2441,超豐,D900,0.2049532268626348
2022-12-30,5,2337,旺宏,D900,0.20123956846747268
2022-12-30,6,3702,大聯大,DB00,0.18371019451001303
2022-12-30,7,8109,博大,D900,0.17475127241756497
2022-12-30,8,6257,矽格,D900,0.16232195145028813
2022-12-30,9,3010,華立,DB00,0.14974566620644877
2022-12-30,10,8110,華東,D900,0.1495526966844029
2023-01-31,1,3048,益登,DB00,0.27503667634841295
2023-01-31,2,2449,京元電子,D900,0.24807842263580923
2023-01-31,3,6189,豐藝,DB00,0.22511461551331402
2023-01-31,4,2441,超豐,D900,0.20911042205174263
2023-01-31,5,2337,旺宏,D900,0.19864867938618855
2023-01-31,6,8109,博大,D900,0.1786966503899896
2023-01-31,7,3702,大聯大,DB00,0.17710220264732915
2023-01-31,8,6257,矽格,D900,0.16755373255186592
2023-01-31,9,8110,華東,D900,0.14675172289645855
2023-01-31,10,3010,華立,DB00,0.14601963990605957
2023-02-24,1,3048,益登,DB00,0.26001695186743234
2023-02-24,2,2449,京元電子,D900,0.23614375305166121
2023-02-24,3,6189,豐藝,DB00,0.2208539277059841
2023-02-24,4,2337,旺宏,D900,0.2188004788858297
2023-02-24,5,2441,超豐,D900,0.1920155048418282
2023-02-24,6,8109,博大,D900,0.18646692861911748
2023-02-24,7,3702,大聯大,DB00,0.18196052888861364
2023-02-24,8,6218,豪勉,D600,0.16453491675122747
2023-02-24,9,6257,矽格,D900,0.16019791195429922
2023-02-24,10,3010,華立,DB00,0.1488130403979864
2023-03-31,1,3048,益登,DB00,0.31108400465704
2023-03-31,2,2449,京元電子,D900,0.23493387229170287
2023-03-31,3,6189,豐藝,DB00,0.2109296199338541
2023-03-31,4,2337,旺宏,D900,0.19325246544463007
2023-03-31,5,8112,至上,DB00,0.1855588405617616
2023-03-31,6,8109,博大,D900,0.18088057453293171
2023-03-31,7,2441,超豐,D900,0.1789226428895703
2023-03-31,8,6257,矽格,D900,0.16271403428212225
2023-03-31,9,6218,豪勉,D600,0.15813354983638991
2023-03-31,10,3702,大聯大,DB00,0.15719742430763306
2023-04-28,1,3048,益登,DB00,0.3100195514313476
2023-04-28,2,2449,京元電子,D900,0.25731140981435346
2023-04-28,3,2337,旺宏,D900,0.21169986870429003
2023-04-28,4,6189,豐藝,DB00,0.21116388956192728
2023-04-28,5,8112,至上,DB00,0.19806104054675955
2023-04-28,6,2441,超豐,D900,0.18290411849722965
2023-04-28,7,8109,博大,D900,0.1736992386921234
2023-04-28,8,6257,矽格,D900,0.17035514240467733
2023-04-28,9,3010,華立,DB00,0.1669415539319326
2023-04-28,10,3702,大聯大,DB00,0.16314350682310877
2023-05-31,1,3048,益登,DB00,0.3011778530907704
2023-05-31,2,2449,京元電子,D900,0.26610429642249606
2023-05-31,3,6218,豪勉,D600,0.21989182343849029
2023-05-31,4,8112,至上,DB00,0.2152006972552686
2023-05-31,5,6189,豐藝,DB00,0.21231103604383667
2023-05-31,6,2337,旺宏,D900,0.2043223558605094
2023-05-31,7,2441,超豐,D900,0.19788808913808448
2023-05-31,8,6257,矽格,D900,0.18287466414006845
2023-05-31,9,3055,蔚華科,D600,0.177631717270457
2023-05-31,10,3702,大聯大,DB00,0.16693709641324297
2023-06-30,1,3048,益登,DB00,0.28930678401307536
2023-06-30,2,2449,京元電子,D900,0.28559145588711116
2023-06-30,3,6218,豪勉,D600,0.2247735760762307
2023-06-30,4,6189,豐藝,DB00,0.20859664009969114
2023-06-30,5,8112,至上,DB00,0.20532574434815787
2023-06-30,6,6257,矽格,D900,0.20052495713180374
2023-06-30,7,2441,超豐,D900,0.19449341954536867
2023-06-30,8,2337,旺宏,D900,0.1899946904390894
2023-06-30,9,3055,蔚華科,D600,0.18953613373271977
2023-06-30,10,3702,大聯大,DB00,0.18259956636952043
2023-07-31,1,2449,京元電子,D900,0.29573600415321427
2023-07-31,2,3048,益登,DB00,0.2838452394442167
2023-07-31,3,6218,豪勉,D600,0.2437625255754821
2023-07-31,4,8112,至上,DB00,0.22215300438162514
2023-07-31,5,6189,豐藝,DB00,0.21427723461688622
2023-07-31,6,6257,矽格,D900,0.20369084643138274
2023-07-31,7,2441,超豐,D900,0.1965215744925706
2023-07-31,8,2337,旺宏,D900,0.18947743068240383
2023-07-31,9,3055,蔚華科,D600,0.18579817261968892
2023-07-31,10,3702,大聯大,DB00,0.17906003550138266
2023-08-31,1,2449,京元電子,D900,0.28306484322106706
2023-08-31,2,3048,益登,DB00,0.2777061554895693
2023-08-31,3,6218,豪勉,D600,0.24698653395215553
2023-08-31,4,6257,矽格,D900,0.22288350289851516
2023-08-31,5,8112,至上,DB00,0.21114855431169807
2023-08-31,6,2337,旺宏,D900,0.20336653074298644
2023-08-31,7,3702,大聯大,DB00,0.20281185834014054
2023-08-31,8,6189,豐藝,DB00,0.19376463502229185
2023-08-31,9,2441,超豐,D900,0.19057505232527805
2023-08-31,10,3055,蔚華科,D600,0.17517210196367328
2023-09-28,1,2449,京元電子,D900,0.2963847550987176
2023-09-28,2,3048,益登,DB00,0.28096378680835865
2023-09-28,3,3219,倚強科,D600,0.26226718539455607
2023-09-28,4,8112,至上,DB00,0.2485814958198814
2023-09-28,5,6257,矽格,D900,0.23981688393870804
2023-09-28,6,6218,豪勉,D600,0.23522117513073973
2023-09-28,7,3702,大聯大,DB00,0.23167717170672533
2023-09-28,8,6189,豐藝,DB00,0.2274793003250147
2023-09-28,9,2337,旺宏,D900,0.2146163843775033
2023-09-28,10,2441,超豐,D900,0.18595400100863502
2023-10-31,1,2449,京元電子,D900,0.3019929525033363
2023-10-31,2,3048,益登,DB00,0.2804558053625078
2023-10-31,3,3702,大聯大,DB00,0.2690548443727208
2023-10-31,4,8112,至上,DB00,0.24459030523163586
2023-10-31,5,6257,矽格,D900,0.24120522696503385
2023-10-31,6,2337,旺宏,D900,0.22965998671312368
2023-10-31,7,3219,倚強科,D600,0.22678964330640994
2023-10-31,8,6189,豐藝,DB00,0.21323103584225883
2023-10-31,9,2441,超豐,D900,0.21099523270653744
2023-10-31,10,2347,聯強,DB00,0.1746191822055039
2023-11-30,1,3048,益登,DB00,0.2990486825649695
2023-11-30,2,2449,京元電子,D900,0.2886279216446258
2023-11-30,3,8112,至上,DB00,0.26238039942237373
2023-11-30,4,6257,矽格,D900,0.24923662435828225
2023-11-30,5,3702,大聯大,DB00,0.23070279769657404
2023-11-30,6,2337,旺宏,D900,0.2198086064097547
2023-11-30,7,2441,超豐,D900,0.21514463935048936
2023-11-30,8,6189,豐藝,DB00,0.20445432626913956
2023-11-30,9,5344,立衛,D900,0.17417061848784585
2023-11-30,10,2347,聯強,DB00,0.17279733249682933
2023-12-29,1,2449,京元電子,D900,0.3212436485996943
2023-12-29,2,3048,益登,DB00,0.3043191826835497
2023-12-29,3,3310,佳穎,D800,0.2709355213182434
2023-12-29,4,8112,至上,DB00,0.26434513425203693
2023-12-29,5,6189,豐藝,DB00,0.2572680375675464
2023-12-29,6,6257,矽格,D900,0.25010793739709997
2023-12-29,7,2441,超豐,D900,0.21477885554803572
2023-12-29,8,2337,旺宏,D900,0.20914999071026175
2023-12-29,9,3702,大聯大,DB00,0.2081438199237259
2023-12-29,10,2347,聯強,DB00,0.206194168779545
2024-01-31,1,3048,益登,DB00,0.3243672929280179
2024-01-31,2,2449,京元電子,D900,0.2797966797906179
2024-01-31,3,3310,佳穎,D800,0.26636977807062395
2024-01-31,4,8112,至上,DB00,0.25502552203414725
2024-01-31,5,6257,矽格,D900,0.2402273003312214
2024-01-31,6,6189,豐藝,DB00,0.2334169220419339
2024-01-31,7,3702,大聯大,DB00,0.21567739999100846
2024-01-31,8,2441,超豐,D900,0.21200630938368417
2024-01-31,9,5443,均豪,D600,0.19554200526085372
2024-01-31,10,2337,旺宏,D900,0.18932995643357658
2024-02-29,1,3310,佳穎,D800,0.32132206410277253
2024-02-29,2,3048,益登,DB00,0.3047535857036244
2024-02-29,3,8112,至上,DB00,0.2665747748324559
2024-02-29,4,2449,京元電子,D900,0.2458843454365503
2024-02-29,5,6257,矽格,D900,0.2295978053074849
2024-02-29,6,2337,旺宏,D900,0.2068405307722467
2024-02-29,7,2441,超豐,D900,0.20509903152215256
2024-02-29,8,3702,大聯大,DB00,0.2003209395913713
2024-02-29,9,6147,頎邦,D900,0.16036756444342898
2024-02-29,10,3224,三顧,DB00,0.1590987045247397
2024-03-29,1,8067,志旭,DB00,0.3676161592746151
2024-03-29,2,3310,佳穎,D800,0.3434505820289494
2024-03-29,3,3048,益登,DB00,0.3154442808178483
2024-03-29,4,8112,至上,DB00,0.27512586412569484
2024-03-29,5,2337,旺宏,D900,0.20939073583000484
2024-03-29,6,6257,矽格,D900,0.20742660871164792
2024-03-29,7,6189,豐藝,DB00,0.1925833596719417
2024-03-29,8,3702,大聯大,DB00,0.18903265942672975
2024-03-29,9,3055,蔚華科,D600,0.18570273119517547
2024-03-29,10,2449,京元電子,D900,0.18449088068280925
2024-04-30,1,3310,佳穎,D800,0.4104145632356892
2024-04-30,2,7556,意德士科技,D600,0.3655367023781313
2024-04-30,3,3048,益登,DB00,0.3066504528384102
2024-04-30,4,8067,志旭,DB00,0.29802650378501094
2024-04-30,5,6189,豐藝,DB00,0.27427671532514203
2024-04-30,6,8112,至上,DB00,0.250552930937068
2024-04-30,7,3055,蔚華科,D600,0.23220269851077074
2024-04-30,8,3702,大聯大,DB00,0.21469067199675726
2024-04-30,9,2337,旺宏,D900,0.208872950687271
2024-04-30,10,3312,弘憶股,DB00,0.20629126072763587
2024-05-31,1,3310,佳穎,D800,0.3954872346798616
2024-05-31,2,7556,意德士科技,D600,0.36786141186689897
2024-05-31,3,8067,志旭,DB00,0.35806606688929
2024-05-31,4,3048,益登,DB00,0.3310067241834459
2024-05-31,5,3055,蔚華科,D600,0.2998379953043186
2024-05-31,6,6189,豐藝,DB00,0.2687296135373471
2024-05-31,7,8112,至上,DB00,0.25030430623222655
2024-05-31,8,3312,弘憶股,DB00,0.21620380946763623
2024-05-31,9,6257,矽格,D900,0.19899052661751288
2024-05-31,10,2337,旺宏,D900,0.19854800488408683
2024-06-28,1,3310,佳穎,D800,0.4099546796155829
2024-06-28,2,7556,意德士科技,D600,0.37470212500641675
2024-06-28,3,3055,蔚華科,D600,0.3169258838235546
2024-06-28,4,3048,益登,DB00,0.29163584550219507
2024-06-28,5,6189,豐藝,DB00,0.2715240168379612
2024-06-28,6,8067,志旭,DB00,0.25735343510789405
2024-06-28,7,8112,至上,DB00,0.2371748625058568
2024-06-28,8,2451,創見,DA00,0.2116768544235226
2024-06-28,9,6257,矽格,D900,0.20032670910410064
2024-06-28,10,3312,弘憶股,DB00,0.19544727290363775
2024-07-31,1,3055,蔚華科,D600,0.38670521209195324
2024-07-31,2,3310,佳穎,D800,0.3801416706776893
2024-07-31,3,7556,意德士科技,D600,0.3690179793813969
2024-07-31,4,3048,益登,DB00,0.3470132140530823
2024-07-31,5,6189,豐藝,DB00,0.2743598395248885
2024-07-31,6,8112,至上,DB00,0.2471842834947742
2024-07-31,7,2451,創見,DA00,0.21594412228370316
2024-07-31,8,6270,倍微,DB00,0.21191455828889225
2024-07-31,9,3312,弘憶股,DB00,0.206036976382231
2024-07-31,10,3209,全科,DB00,0.19219313728802428
2024-08-30,1,3310,佳穎,D800,0.38165069130349827
2024-08-30,2,7556,意德士科技,D600,0.3594537187484804
2024-08-30,3,3055,蔚華科,D600,0.3588948976723424
2024-08-30,4,3048,益登,DB00,0.276975175786952
2024-08-30,5,8112,至上,DB00,0.2674385515819586
2024-08-30,6,6189,豐藝,DB00,0.24294157126628302
2024-08-30,7,3702,大聯大,DB00,0.22948171549519134
2024-08-30,8,2451,創見,DA00,0.2231046243336376
2024-08-30,9,3312,弘憶股,DB00,0.20644187816707596
2024-08-30,10,2347,聯強,DB00,0.19160133043716873
2024-09-30,1,3310,佳穎,D800,0.39945526073264065
2024-09-30,2,3055,蔚華科,D600,0.3485099666202687
2024-09-30,3,7556,意德士科技,D600,0.3441304219218219
2024-09-30,4,8112,至上,DB00,0.27002593223726046
2024-09-30,5,3048,益登,DB00,0.26267716330411767
2024-09-30,6,6189,豐藝,DB00,0.25275263925918806
2024-09-30,7,3702,大聯大,DB00,0.23878541234300515
2024-09-30,8,2451,創見,DA00,0.22864867595351732
2024-09-30,9,3312,弘憶股,DB00,0.19548343175152133
2024-09-30,10,2347,聯強,DB00,0.1926741594452256
2024-10-30,1,3310,佳穎,D800,0.45945346663381087
2024-10-30,2,3055,蔚華科,D600,0.3519097615271307
2024-10-30,3,7556,意德士科技,D600,0.33452584454827544
2024-10-30,4,6189,豐藝,DB00,0.2878643975619131
2024-10-30,5,8112,至上,DB00,0.2750622514660459
2024-10-30,6,3048,益登,DB00,0.24884875843095433
2024-10-30,7,3702,大聯大,DB00,0.24361821769876382
2024-10-30,8,2451,創見,DA00,0.2322949571836262
2024-10-30,9,2347,聯強,DB00,0.2087498625993982
2024-10-30,10,2449,京元電子,D900,0.196527792651405
2024-11-29,1,3310,佳穎,D800,0.47350886046231405
2024-11-29,2,3055,蔚華科,D600,0.3648222781980678
2024-11-29,3,7556,意德士科技,D600,0.3423866680345732
2024-11-29,4,6189,豐藝,DB00,0.28988046446600696
2024-11-29,5,3702,大聯大,DB00,0.27776640477590925
2024-11-29,6,8112,至上,DB00,0.2772160403449454
2024-11-29,7,3048,益登,DB00,0.2489041150767267
2024-11-29,8,2451,創見,DA00,0.22788236950061375
2024-11-29,9,2347,聯強,DB00,0.19516102409980546
2024-11-29,10,6257,矽格,D900,0.19045297766530367
2024-12-31,1,3310,佳穎,D800,0.4800663726433295
2024-12-31,2,3055,蔚華科,D600,0.336417365415483
2024-12-31,3,7556,意德士科技,D600,0.3155512393815349
2024-12-31,4,6189,豐藝,DB00,0.2653394078615671
2024-12-31,5,8112,至上,DB00,0.25527198416247887
2024-12-31,6,3702,大聯大,DB00,0.249303808424252
2024-12-31,7,2451,創見,DA00,0.22290197784185423
2024-12-31,8,3048,益登,DB00,0.21874921421381427
2024-12-31,9,6270,倍微,DB00,0.18550703603516303
2024-12-31,10,6257,矽格,D900,0.18477220381669093
2025-01-22,1,3310,佳穎,D800,0.4569825562813216
2025-01-22,2,7556,意德士科技,D600,0.33696346235219043
2025-01-22,3,3055,蔚華科,D600,0.31842847861283424
2025-01-22,4,6189,豐藝,DB00,0.2622639949235085
2025-01-22,5,8112,至上,DB00,0.2596576635892857
2025-01-22,6,2451,創見,DA00,0.25510500823462035
2025-01-22,7,3702,大聯大,DB00,0.24297847151719817
2025-01-22,8,3048,益登,DB00,0.21998698120949356
2025-01-22,9,6257,矽格,D900,0.1863040681784013
2025-01-22,10,6270,倍微,DB00,0.1838433462905166
2025-02-27,1,3310,佳穎,D800,0.4507576327075776
2025-02-27,2,3055,蔚華科,D600,0.3478559726164522
2025-02-27,3,7556,意德士科技,D600,0.34677964456461496
2025-02-27,4,2451,創見,DA00,0.2741858210256071
2025-02-27,5,6189,豐藝,DB00,0.26517520848659043
2025-02-27,6,8112,至上,DB00,0.25287010252753783
2025-02-27,7,3702,大聯大,DB00,0.24812292156869303
2025-02-27,8,3048,益登,DB00,0.22870904212631507
2025-02-27,9,6257,矽格,D900,0.19375558179571767
2025-02-27,10,2347,聯強,DB00,0.1834774113532338
2025-03-31,1,3310,佳穎,D800,0.49520070083708534
2025-03-31,2,7556,意德士科技,D600,0.3388108678194712
2025-03-31,3,3055,蔚華科,D600,0.2955809304172076
2025-03-31,4,2451,創見,DA00,0.28499103838974743
2025-03-31,5,6189,豐藝,DB00,0.24668346008727068
2025-03-31,6,8112,至上,DB00,0.23994208606732403
2025-03-31,7,3702,大聯大,DB00,0.23167784737155003
2025-03-31,8,3048,益登,DB00,0.21915467740567493
2025-03-31,9,6257,矽格,D900,0.19953525135086222
2025-03-31,10,2449,京元電子,D900,0.18195052444004173
2025-04-30,1,7556,意德士科技,D600,0.2857094182117798
2025-04-30,2,3055,蔚華科,D600,0.24596029255926874
2025-04-30,3,3310,佳穎,D800,0.19975866204383286
2025-04-30,4,6189,豐藝,DB00,0.1892842684584991
2025-04-30,5,8277,商丞,DA00,0.17046197131872584
2025-04-30,6,3048,益登,DB00,0.16096056487095542
2025-04-30,7,3702,大聯大,DB00,0.14921904900156996
2025-04-30,8,3033,威健,DB00,0.14778269873729233
2025-04-30,9,2337,旺宏,D900,0.14475393555144017
2025-04-30,10,8112,至上,DB00,0.14194916401724603
2025-05-29,1,7556,意德士科技,D600,0.2630712807066856
2025-05-29,2,3055,蔚華科,D600,0.24620794175558988
2025-05-29,3,6189,豐藝,DB00,0.19798676283741004
2025-05-29,4,3033,威健,DB00,0.180273901247906
2025-05-29,5,8109,博大,D900,0.1588115063833814
2025-05-29,6,3028,增你強,DB00,0.15370683014084277
2025-05-29,7,8277,商丞,DA00,0.1535465359948004
2025-05-29,8,2337,旺宏,D900,0.14398166784413677
2025-05-29,9,8067,志旭,DB00,0.14088670832449968
2025-05-29,10,3048,益登,DB00,0.13810023772893493
2025-06-30,1,7556,意德士科技,D600,0.25611118436907815
2025-06-30,2,3055,蔚華科,D600,0.22894889386713585
2025-06-30,3,6189,豐藝,DB00,0.2218744988513559
2025-06-30,4,8109,博大,D900,0.18881620731820892
2025-06-30,5,3033,威健,DB00,0.18651945473939202
2025-06-30,6,8067,志旭,DB00,0.1612394455833093
2025-06-30,7,3028,增你強,DB00,0.1499481265207125
2025-06-30,8,8277,商丞,DA00,0.1465498231776814
2025-06-30,9,3048,益登,DB00,0.13553986982711874
2025-06-30,10,2369,菱生,D900,0.13422020078371094
2025-07-31,1,7556,意德士科技,D600,0.2522585107053233
2025-07-31,2,6189,豐藝,DB00,0.21889747424403383
2025-07-31,3,3055,蔚華科,D600,0.21885127631909274
2025-07-31,4,8109,博大,D900,0.20127363627297165
2025-07-31,5,8067,志旭,DB00,0.19934640466211878
2025-07-31,6,3033,威健,DB00,0.19545466694535896
2025-07-31,7,3028,增你強,DB00,0.15808967579037395
2025-07-31,8,2337,旺宏,D900,0.15386221676506398
2025-07-31,9,8277,商丞,DA00,0.14409051573336754
2025-07-31,10,3702,大聯大,DB00,0.13588508485458312
2025-08-29,1,7556,意德士科技,D600,0.24630342539654135
2025-08-29,2,6189,豐藝,DB00,0.24458740123400502
2025-08-29,3,3055,蔚華科,D600,0.241142137287733
2025-08-29,4,8109,博大,D900,0.22300679177103672
2025-08-29,5,3033,威健,DB00,0.21967114321872244
2025-08-29,6,2337,旺宏,D900,0.19148541358142004
2025-08-29,7,3224,三顧,DB00,0.18408583721662666
2025-08-29,8,3310,佳穎,D800,0.17472013936999328
2025-08-29,9,8067,志旭,DB00,0.1713256835980256
2025-08-29,10,3028,增你強,DB00,0.17073848779971593
2025-09-30,1,6189,豐藝,DB00,0.2679755835281839
2025-09-30,2,8067,志旭,DB00,0.24646268329903867
2025-09-30,3,3055,蔚華科,D600,0.24350207243747826
2025-09-30,4,7556,意德士科技,D600,0.24148280049021992
2025-09-30,5,3033,威健,DB00,0.20763349992842323
2025-09-30,6,3224,三顧,DB00,0.20685342201282775
2025-09-30,7,2337,旺宏,D900,0.20677445023356783
2025-09-30,8,8109,博大,D900,0.18864024137666774
2025-09-30,9,3028,增你強,DB00,0.18344324047092375
2025-09-30,10,2451,創見,DA00,0.17915597444309062
2025-10-31,1,8067,志旭,DB00,0.29155029753468115
2025-10-31,2,3055,蔚華科,D600,0.28497756343945696
2025-10-31,3,6189,豐藝,DB00,0.2675713413161898
2025-10-31,4,7556,意德士科技,D600,0.23741900528935012
2025-10-31,5,3033,威健,DB00,0.2307076780850046
2025-10-31,6,3028,增你強,DB00,0.20520295315410073
2025-10-31,7,3224,三顧,DB00,0.2039743399848372
2025-10-31,8,2451,創見,DA00,0.18959019742624847
2025-10-31,9,2337,旺宏,D900,0.18902934531325025
2025-10-31,10,8109,博大,D900,0.18430860338493932
2025-11-28,1,8067,志旭,DB00,0.31962370755588665
2025-11-28,2,3055,蔚華科,D600,0.2926891146908212
2025-11-28,3,6189,豐藝,DB00,0.2601114140922536
2025-11-28,4,7556,意德士科技,D600,0.25840464616027453
2025-11-28,5,3033,威健,DB00,0.2501142636184321
2025-11-28,6,8109,博大,D900,0.2412255296651509
2025-11-28,7,2451,創見,DA00,0.2362932818774776
2025-11-28,8,3224,三顧,DB00,0.23182110739037007
2025-11-28,9,3310,佳穎,D800,0.20146166508640082
2025-11-28,10,3028,增你強,DB00,0.20120291920220493
2025-12-31,1,8067,志旭,DB00,0.2898842425838386
2025-12-31,2,3055,蔚華科,D600,0.2878891692558836
2025-12-31,3,3033,威健,DB00,0.25681662280289425
2025-12-31,4,6189,豐藝,DB00,0.25107325588274637
2025-12-31,5,7556,意德士科技,D600,0.23839243399769416
2025-12-31,6,8109,博大,D900,0.2379881177700305
2025-12-31,7,3224,三顧,DB00,0.2266302380058272
2025-12-31,8,2451,創見,DA00,0.22177216105368178
2025-12-31,9,3028,增你強,DB00,0.19628771464668912
2025-12-31,10,6552,易華電,D700,0.19326650605455692
2026-01-30,1,8067,志旭,DB00,0.3239138035002553
2026-01-30,2,3055,蔚華科,D600,0.28856287528231367
2026-01-30,3,2451,創見,DA00,0.2777712753171414
2026-01-30,4,3033,威健,DB00,0.2702752061498674
2026-01-30,5,3224,三顧,DB00,0.2590816110251964
2026-01-30,6,6189,豐藝,DB00,0.25005830541998236
2026-01-30,7,7556,意德士科技,D600,0.23897506535757107
2026-01-30,8,8109,博大,D900,0.20688551119045664
2026-01-30,9,2337,旺宏,D900,0.20366898558124524
2026-01-30,10,6552,易華電,D700,0.19291355240637678
2026-02-26,1,3055,蔚華科,D600,0.3181560925036148
2026-02-26,2,8067,志旭,DB00,0.29063400371580034
2026-02-26,3,2451,創見,DA00,0.26648610756726315
2026-02-26,4,3033,威健,DB00,0.26337609238582316
2026-02-26,5,7556,意德士科技,D600,0.25165346331223276
2026-02-26,6,3224,三顧,DB00,0.24711491779258135
2026-02-26,7,6189,豐藝,DB00,0.24589512940664157
2026-02-26,8,8109,博大,D900,0.208625981673001
2026-02-26,9,3310,佳穎,D800,0.19825037072648174
2026-02-26,10,3028,增你強,DB00,0.194121675450986
2026-03-31,1,3055,蔚華科,D600,0.32515308729666753
2026-03-31,2,3224,三顧,DB00,0.30089954943615876
2026-03-31,3,8067,志旭,DB00,0.2875632731054331
2026-03-31,4,3033,威健,DB00,0.281930081296383
2026-03-31,5,6189,豐藝,DB00,0.2670978901008548
2026-03-31,6,3310,佳穎,D800,0.250726371566606
2026-03-31,7,2451,創見,DA00,0.2438106462760603
2026-03-31,8,8109,博大,D900,0.2287609986538953
2026-03-31,9,7556,意德士科技,D600,0.21178554048766854
2026-03-31,10,3028,增你強,DB00,0.2032998880694487
2026-04-30,1,3055,蔚華科,D600,0.34072386485451345
2026-04-30,2,6735,美達科技,D600,0.31233725891387926
2026-04-30,3,8109,博大,D900,0.3041986801836707
2026-04-30,4,3033,威健,DB00,0.2715039105014143
2026-04-30,5,3224,三顧,DB00,0.2650483859852592
2026-04-30,6,8067,志旭,DB00,0.2648897794443256
2026-04-30,7,3028,增你強,DB00,0.24997890869324654
2026-04-30,8,6189,豐藝,DB00,0.24410545018603086
2026-04-30,9,7556,意德士科技,D600,0.22595778198535355
2026-04-30,10,3310,佳穎,D800,0.20365218080204658
