n,ann_ret,ann_vol,sharpe,max_dd,ann_alpha,t_alpha,beta,predictor,smooth_N,hold_K,cost_rt,avg_daily_turn
4672,0.2911222067786004,0.12540505612064282,2.3214550974606127,-0.18731833268390874,0.24037871591555732,10.514850646836198,0.4221783370260516,D100,1,1,0.0,0.4351455479452055
4672,0.01698051157312099,0.1277510392044041,0.132918774507594,-0.40766546496432576,-0.033890876630011973,-1.3388521035556302,0.4232424239745608,D100,1,1,0.005,0.4351455479452055
4672,-0.1475045055501667,0.13056947540804598,-1.1297012957216581,-0.9588526029962039,-0.1984526321573536,-7.3499494596578145,0.42388087614366676,D100,1,1,0.008,0.4351455479452055
4668,0.1590670304465475,0.12381244344433359,1.2847418726379023,-0.33535627058079753,0.10942038663499884,4.2342791737403225,0.40642398764550897,D100,1,5,0.0,0.09575835475578406
4668,0.09873926695040351,0.1238912288601794,0.7969835141585222,-0.38640716510577633,0.04921493678099837,1.8654374144937185,0.4054226873688556,D100,1,5,0.005,0.09575835475578406
4668,0.06254260885271713,0.12446564186954437,0.502488943240012,-0.41519185816298787,0.013091666868598115,0.4889570210077179,0.40482190720286376,D100,1,5,0.008,0.09575835475578406
4663,0.1534940523373415,0.12842695313481103,1.1951856568318437,-0.3577710057860678,0.10057529082836522,4.097366872436828,0.4338373600143881,D100,1,10,0.0,0.04717992708556723
4663,0.12377069827343416,0.12860125072198322,0.9624377490776355,-0.3860433138751326,0.0707154444259979,2.813970389759667,0.43495634832951746,D100,1,10,0.005,0.04717992708556723
4663,0.10593668583508974,0.12896955580491082,0.8214084725184109,-0.4024380864364192,0.052799536584577526,2.0691224793787786,0.43562774131859505,D100,1,10,0.008,0.04717992708556723
4653,0.1283769169324793,0.14001759182888798,0.9168627688538277,-0.47450516473709947,0.06495553236475408,2.050072161348845,0.5240073722473794,D100,1,20,0.0,0.0223511712873415
4653,0.11429567902145414,0.14002215241835436,0.8162685478506618,-0.4823909882347983,0.05085943342313535,1.6037626290181968,0.5241301587435009,D100,1,20,0.005,0.0223511712873415
4653,0.10584693627483907,0.14014284202803007,0.7552789335731365,-0.4870749655973917,0.0424017740581641,1.3356674197981169,0.5242038306411737,D100,1,20,0.008,0.0223511712873415
4672,0.2894527917884434,0.1225551206649842,2.3618171988071355,-0.17532954064076267,0.24133863297086725,10.900896195001083,0.40030268338920233,D100,3,1,0.0,0.2786815068493151
4672,0.11388344247337488,0.1242083525491459,0.9168742692107947,-0.2872441615710708,0.06550943440673063,2.6750360476431556,0.40246459069954327,D100,3,1,0.005,0.2786815068493151
4672,0.008541832884333796,0.12639815529453524,0.06757877806388445,-0.49240031732876943,-0.039988084731751264,-1.5350562888190649,0.403761735085748,D100,3,1,0.008,0.2786815068493151
4668,0.15629533541547275,0.12350457673830122,1.2655023768605207,-0.2891270940994821,0.1072191036814132,4.336252081769755,0.40175440409794316,D100,3,5,0.0,0.09447300771208227
4668,0.09677734055686094,0.12367899440351986,0.7824880936621417,-0.3437224496622171,0.04775673796617844,1.8536792642889333,0.4012990053731785,D100,3,5,0.005,0.09447300771208227
4668,0.06106654364169383,0.12430501857567514,0.49126370231397687,-0.37450589765567344,0.012079318537037632,0.45689281919037866,0.4010257661383197,D100,3,5,0.008,0.09447300771208227
4663,0.16512612585775488,0.129299423805083,1.2770832305229771,-0.3088086010167663,0.11177175308334047,4.140661959118565,0.43740857816087003,D100,3,10,0.0,0.04374865966116234
4663,0.13756447027122262,0.12944589792277075,1.062717880432917,-0.3458937935508697,0.08411872534702286,3.039871504716971,0.4381576631944449,D100,3,10,0.005,0.04374865966116234
4663,0.12102747691930325,0.12977768622110356,0.9325753944565441,-0.36722492442450827,0.06752690870523231,2.402113771132516,0.4386071142145898,D100,3,10,0.008,0.04374865966116234
4653,0.15885328127544152,0.13296612753106604,1.194689837367244,-0.3762060752335,0.10233150392784168,3.596454186593911,0.46700065324243323,D100,3,20,0.0,0.0223511712873415
4653,0.1447720433644164,0.13297920349019354,1.0886818356908907,-0.3855377856178399,0.08823020469774655,3.081379249062529,0.4671664061530851,D100,3,20,0.005,0.0223511712873415
4653,0.13632330061780132,0.13311123833506064,1.024130661865345,-0.3910807601136794,0.07976942515968949,2.773685211774222,0.46726585789947644,D100,3,20,0.008,0.0223511712873415
4672,0.26804943256617625,0.11821303292363086,2.267511677323635,-0.17935286075169954,0.22373032150301944,9.577015762427704,0.3687284475089883,D100,5,1,0.0,0.21746575342465754
4672,0.13104600790864201,0.11943398409318264,1.0972254580940688,-0.2706206630645632,0.08663389492716747,3.369354604693474,0.36950220971075654,D100,5,1,0.005,0.21746575342465754
4672,0.04884395311412147,0.1212267650966896,0.4029139363338112,-0.3639611908413055,0.004376038981656332,0.1603615780639537,0.3699664670318176,D100,5,1,0.008,0.21746575342465754
4668,0.15758230059667155,0.12229596884480838,1.2885322556840855,-0.22895974685124876,0.10964070185129361,4.330412427832039,0.3924659199553983,D100,5,5,0.0,0.08547557840616966
4668,0.10373268620078466,0.12250433101335526,0.8467675007300425,-0.273209406148912,0.05582109581079708,2.1000274431086434,0.39222026154781864,D100,5,5,0.005,0.08547557840616966
4668,0.07142291756325252,0.12311024735920219,0.5801541227909314,-0.30844396985039557,0.023529332186499115,0.859131048639378,0.39207286650327083,D100,5,5,0.008,0.08547557840616966
4663,0.17435352726215086,0.128490719020612,1.356934793354077,-0.30751875184970046,0.12183001321992011,4.678608932580279,0.43059705142371607,D100,5,10,0.0,0.04074630066480806
4663,0.1486833578433218,0.12872491849733622,1.155047209032792,-0.34470355115144746,0.0960913103151752,3.5922748895943086,0.4311589010542531,D100,5,10,0.005,0.04074630066480806
4663,0.13328125619202436,0.12909438125368825,1.032432665912146,-0.3660912129701377,0.08064808857232832,2.964760903702432,0.43149601083257527,D100,5,10,0.008,0.04074630066480806
4653,0.1685034137314324,0.1294042642172198,1.3021473036512943,-0.3762060752335,0.11523012194456628,4.194591868249811,0.44016064660956183,D100,5,20,0.0,0.02192134107027724
4653,0.15469296885715775,0.12947571006338154,1.1947643985225627,-0.3855377856178399,0.10140952840839045,3.663252332565146,0.4402444980374503,D100,5,20,0.005,0.02192134107027724
4653,0.14640670193259292,0.12964367507823488,1.1293007687744292,-0.3910807601136794,0.09311717228668492,3.346193117963617,0.44029480889418354,D100,5,20,0.008,0.02192134107027724
4672,0.2528180166874786,0.11694886147470812,2.161782624469193,-0.20168349663940366,0.20970551492038872,8.761422081016955,0.3586896366705967,D100,10,1,0.0,0.14897260273972604
4672,0.1589652769614512,0.11755763712027269,1.3522326652313925,-0.2985994970300536,0.11574305331868208,4.391401166075163,0.3596025064440754,D100,10,1,0.005,0.14897260273972604
4672,0.10265363312583475,0.11873157624506231,0.864585785620814,-0.36100289697254995,0.05936557635765805,2.123259224545587,0.36015022830816257,D100,10,1,0.008,0.14897260273972604
4668,0.16626667058936198,0.12320394554014416,1.3495239122450546,-0.34182867600626865,0.11746550855552385,4.290208997792414,0.39950259177264646,D100,10,5,0.0,0.06812339331619537
4668,0.12334893280015892,0.12335615402806517,0.9999414603352127,-0.3870542641618242,0.07460750645714671,2.601265202869983,0.3990135754805804,D100,10,5,0.005,0.06812339331619537
4668,0.09759829012663705,0.12383563345624007,0.7881276770076479,-0.4132142381459194,0.048892705198120494,1.6574044096308043,0.39872016570534075,D100,10,5,0.008,0.06812339331619537
4663,0.18917670790801477,0.12673821943222452,1.4926571381191003,-0.26044837514209473,0.1379005200218939,5.066486387550591,0.42037125113638635,D100,10,10,0.0,0.03774394166845379
4663,0.16539802465688888,0.12707386504355533,1.301589627420223,-0.2882773739681922,0.11401403512842327,4.062529504339036,0.42125502805380527,D100,10,10,0.005,0.03774394166845379
4663,0.15113081470621334,0.12749042450532633,1.185428751160048,-0.3052669829121867,0.09968214419234099,3.4860333484446566,0.4217852942042567,D100,10,10,0.008,0.03774394166845379
4653,0.18593121747278452,0.1291298622105624,1.4398777656062267,-0.31098086416478155,0.1324081003930038,4.514137537475082,0.44222478154060113,D100,10,20,0.0,0.02192134107027724
4653,0.17212077259850986,0.12921917819326473,1.3320064018754247,-0.32467239769228406,0.11860510007491447,3.9985279076716918,0.4421632722823152,D100,10,20,0.005,0.02192134107027724
4653,0.16383450567394509,0.1293980922737311,1.2661276746442798,-0.3327725362438302,0.11032329988406087,3.692954042838468,0.44212636672734373,D100,10,20,0.008,0.02192134107027724
4672,0.23235489235905904,0.11681356446656592,1.989108828414898,-0.1808909760645292,0.18953479067239254,7.02595437012853,0.35625691125892534,D100,20,1,0.0,0.1014554794520548
4672,0.16843794030426446,0.11712248768738943,1.438134927204079,-0.26079854893038823,0.12557184635377075,4.202815348507297,0.35663956008990705,D100,20,1,0.005,0.1014554794520548
4672,0.13008776907138778,0.11789361705948127,1.103433521814452,-0.3060456482741918,0.08719407976259767,2.746945007906951,0.3568691493884962,D100,20,1,0.008,0.1014554794520548
4668,0.17163868921779604,0.12287181472749456,1.3968922783345945,-0.2263483747082634,0.12324428293631809,4.593749099541246,0.3961727534959743,D100,20,5,0.0,0.049271636675235646
4668,0.1405975581123976,0.1230969566541424,1.1421692455600307,-0.2575643528949553,0.09225802461199442,3.276545425695298,0.3957235466053287,D100,20,5,0.005,0.049271636675235646
4668,0.12197287944915851,0.12351894868710388,0.9874831412153463,-0.2763139428530853,0.07366626961740014,2.5412812489643453,0.39545402247094125,D100,20,5,0.008,0.049271636675235646
4663,0.18774005346023848,0.12780882035426291,1.4689131230525174,-0.20569969000733312,0.13563373774550183,5.1417270565107005,0.4271767857969066,D100,20,10,0.0,0.030452498391593395
4663,0.16855497947353468,0.1280770218791076,1.316043869544643,-0.2342873777603971,0.11637728846797867,4.276931749536948,0.42776193304631965,D100,20,10,0.005,0.030452498391593395
4663,0.15704393508151238,0.1284116525487946,1.222972619418926,-0.2525443453737428,0.10482341890146475,3.7798812103831474,0.4281130213959674,D100,20,10,0.008,0.030452498391593395
4653,0.1767860275977292,0.13159612409701785,1.3433984382959152,-0.2554150060759024,0.12146835997000835,4.159914436302114,0.45705192105199166,D100,20,20,0.0,0.019342359767891684
4653,0.16460034094395742,0.13159927822952244,1.2507693291210749,-0.26285764212277896,0.10929693973133026,3.6849798170418313,0.4569340474556393,D100,20,20,0.005,0.019342359767891684
4653,0.15728892895169436,0.1317101144773749,1.1942053924697893,-0.26729635684104724,0.10199408758812344,3.405538080965118,0.456863323297828,D100,20,20,0.008,0.019342359767891684
4672,0.2933138338431184,0.12310255605742253,2.382678664334955,-0.12172735965958081,0.24444228993962538,9.813280020696721,0.4066040152570411,D100+0.5·2330,1,1,0.0,0.4685359589041096
4672,-0.0018638202664706556,0.1256216767115205,-0.014836772723156377,-0.663699708481432,-0.05084257377901681,-1.8819170763669983,0.40749598334385395,D100+0.5·2330,1,1,0.005,0.4685359589041096
4672,-0.17897041273222405,0.1285819941388507,-1.3918777192004104,-0.9769044935070691,-0.22801349201020216,-7.987564935912067,0.4080311641959418,D100+0.5·2330,1,1,0.008,0.4685359589041096
4668,0.15156149110098927,0.12480287936481659,1.214407006251462,-0.35783786519969407,0.10129332679343898,3.928999910796926,0.4115119617560495,D100+0.5·2330,1,5,0.0,0.09832904884318766
4668,0.08961419032978105,0.12500222486392834,0.7169007625850735,-0.4276586322224277,0.039467908121752826,1.4934171747557299,0.4105141942312523,D100+0.5·2330,1,5,0.005,0.09832904884318766
4668,0.05244580986705612,0.12565634904227574,0.4173749298526196,-0.46592623635438024,0.002372656918741059,0.0881968748775964,0.4099155337163739,D100+0.5·2330,1,5,0.008,0.09832904884318766
4663,0.10924831556311956,0.13241311892072657,0.8250565839214514,-0.4364540340142108,0.052927875405165914,2.104296438558993,0.46172492281079486,D100+0.5·2330,1,10,0.0,0.04717992708556723
4663,0.07952496149921222,0.1325471876451759,0.5999747177744557,-0.46128615292603425,0.023124235253581035,0.9017402442264804,0.4623831223477964,D100+0.5·2330,1,10,0.005,0.04717992708556723
4663,0.06169094906086781,0.13288361707389368,0.464247966899959,-0.47568552300960765,0.005242051162630115,0.20176391821425055,0.4627780420699973,D100+0.5·2330,1,10,0.008,0.04717992708556723
4653,0.10449903019481716,0.1397157391392579,0.7479402881779881,-0.5150945176354912,0.04131828917690031,1.3560170874970037,0.5220190997578585,D100+0.5·2330,1,20,0.0,0.02278100150440576
4653,0.09014699924704153,0.13975400827823514,0.6450405276932638,-0.5223530205311429,0.026982222775975333,0.8856815072500233,0.5218871956642889,D100+0.5·2330,1,20,0.005,0.02278100150440576
4653,0.08153578067837615,0.13989734554656424,0.5828257881507647,-0.5266644956312813,0.018380582935420345,0.6030768749481836,0.521808053208147,D100+0.5·2330,1,20,0.008,0.02278100150440576
4672,0.31549172228779515,0.11891476953947414,2.653091146790363,-0.13096993529133605,0.2702817314640796,11.265514836541424,0.3761404353207455,D100+0.5·2330,3,1,0.0,0.2985873287671233
4672,0.1273817051645075,0.12096394003681238,1.0530551925287985,-0.19501036686707118,0.0818568627452111,3.145830655975059,0.37875995401706525,D100+0.5·2330,3,1,0.005,0.2985873287671233
4672,0.014515694890534874,0.12346633794821346,0.11756803620937813,-0.5511789602832775,-0.031198058486109924,-1.1378839948944495,0.3803316652348571,D100+0.5·2330,3,1,0.008,0.2985873287671233
4668,0.13844862698058963,0.1271222053814345,1.089098687087514,-0.3914544091639306,0.08646853046275724,3.405542664772151,0.4255264099053076,D100+0.5·2330,3,5,0.0,0.09490145672664953
4668,0.07866070924280043,0.12736582382692296,0.617596674518372,-0.4602782322855834,0.02666234121028171,1.0056967519880495,0.4256759866196441,D100+0.5·2330,3,5,0.005,0.09490145672664953
4668,0.042787958600126894,0.12802012807133287,0.33422836896621,-0.49785014516911164,-0.009221372341203685,-0.3382652264542554,0.4257657326482459,D100+0.5·2330,3,5,0.008,0.09490145672664953
4663,0.1351833653486724,0.12912803995408761,1.0468939619678095,-0.39939678150004443,0.08204359896380187,2.766960182092303,0.43564919704863175,D100+0.5·2330,3,10,0.0,0.042461934377010506
4663,0.10843234669115577,0.12924484005420914,0.8389684775475448,-0.4258504689657867,0.05526508641082316,1.8247446883064755,0.43587459686305774,D100+0.5·2330,3,10,0.005,0.042461934377010506
4663,0.09238173549664577,0.1295524022897592,0.7130839248354744,-0.441190362933226,0.03919797887903595,1.2771076426787809,0.4360098367517133,D100+0.5·2330,3,10,0.008,0.042461934377010506
4653,0.15577026113448705,0.12885750889546546,1.2088566857275997,-0.38034451894069665,0.10299919080729839,3.5377514958712593,0.43601113538136105,D100+0.5·2330,3,20,0.0,0.02407049215559854
4653,0.14060585107645995,0.12890593389091773,1.0907632164974104,-0.3956948952404784,0.08782674050899017,2.9905392924041085,0.43607756636849065,D100+0.5·2330,3,20,0.005,0.02407049215559854
4653,0.1315072050416437,0.12907267445945836,1.0188617040158259,-0.40619830318736827,0.07872327033000528,2.6652961822500774,0.4361174249607685,D100+0.5·2330,3,20,0.008,0.02407049215559854
4672,0.3019227811057492,0.11842113733241498,2.549568327977078,-0.14629542601025747,0.2575603932212737,10.865555196232483,0.36908850426001893,D100+0.5·2330,5,1,0.0,0.2363013698630137
4672,0.1530529180920506,0.11947785682849515,1.2810149274082718,-0.2273229207534917,0.10861039848802774,4.25769812299425,0.36975518831202525,D100+0.5·2330,5,1,0.005,0.2363013698630137
4672,0.0637310002838314,0.12123824601309471,0.525667455440983,-0.3270867110728478,0.019240401648080205,0.7182392124027296,0.370155198743229,D100+0.5·2330,5,1,0.008,0.2363013698630137
4668,0.14740590351716465,0.12760554083686526,1.1551685181571605,-0.37077813316648045,0.09513191739282251,3.69693354137523,0.4279322882615294,D100+0.5·2330,5,5,0.0,0.08718937446443874
4668,0.09247659760456825,0.12782538406446933,0.7234603539929695,-0.43776291018710234,0.04022941727589019,1.5121088435916763,0.427712847076197,D100+0.5·2330,5,5,0.005,0.08718937446443874
4668,0.059519014057010405,0.1284265688278471,0.46344782547912106,-0.47455157584634955,0.007287917205730748,0.26802273737279275,0.42758118236499754,D100+0.5·2330,5,5,0.008,0.08718937446443874
4663,0.14150501398788085,0.13215604488587795,1.0707418953864434,-0.3491133465992664,0.08572942594870062,3.0069725976172665,0.45725812884081846,D100+0.5·2330,5,10,0.0,0.04331975123311173
4663,0.11421357071102044,0.13228974625653864,0.8633592091826637,-0.37644108050094305,0.05844293958275044,1.9978923623365499,0.45721749120906396,D100+0.5·2330,5,10,0.005,0.04331975123311173
4663,0.0978387047449042,0.13260643463976327,0.7378126484637901,-0.39314823897105866,0.042071047763180325,1.415192717596368,0.45719310863001117,D100+0.5·2330,5,10,0.008,0.04331975123311173
4653,0.1681594314640592,0.12724236096222946,1.3215679919203605,-0.3501841011116744,0.11665411972600008,4.034343400917182,0.4255530408961947,D100+0.5·2330,5,20,0.0,0.0223511712873415
4653,0.1540781935530341,0.12729507882594548,1.2104018079419236,-0.3605560867217851,0.10259460181317291,3.530666267816089,0.42537358345832105,D100+0.5·2330,5,20,0.005,0.0223511712873415
4653,0.14562945080641898,0.12745640435607916,1.1425824503849114,-0.36821021744187865,0.09415889106547662,3.2291203786473806,0.4252659089955971,D100+0.5·2330,5,20,0.008,0.0223511712873415
4672,0.29492380716508054,0.11921923364519807,2.4737938514416844,-0.13332806972082156,0.2502381179870736,10.069451121589259,0.37177832319324666,D100+0.5·2330,10,1,0.0,0.15496575342465754
4672,0.1972953825075463,0.11974726932061976,1.6475981759491636,-0.19103444542083314,0.15256777956875212,5.7219911670770465,0.37212703948230524,D100+0.5·2330,10,1,0.005,0.15496575342465754
4672,0.13871832771302572,0.12088490009660005,1.1475240299009624,-0.2405374882040604,0.09396557651775926,3.3639470210859903,0.37233626925574054,D100+0.5·2330,10,1,0.008,0.15496575342465754
4668,0.16798534934898118,0.12774268026793897,1.3150291585915814,-0.2797285633615547,0.11591784461328623,4.485074898239998,0.4262419627348507,D100+0.5·2330,10,5,0.0,0.06812339331619537
4668,0.12506761155977808,0.12795796564366843,0.9774116908677709,-0.3250954112691333,0.07304653695660229,2.7315538180477352,0.42586187018162763,D100+0.5·2330,10,5,0.005,0.06812339331619537
4668,0.09931696888625624,0.1284611863186472,0.7731282244264902,-0.35098297298192915,0.047323752362591835,1.7313869494754783,0.4256338146496938,D100+0.5·2330,10,5,0.008,0.06812339331619537
4663,0.167370822294429,0.13342181092388006,1.2544487376949007,-0.3340309006314993,0.11069913008242795,3.9393853738580296,0.4646045492321669,D100+0.5·2330,10,10,0.0,0.03774394166845379
4663,0.14359213904330312,0.1336579995652529,1.0743250647949458,-0.35210911381156385,0.08682770140770284,3.007899896304938,0.4653648926071887,D100+0.5·2330,10,10,0.005,0.03774394166845379
4663,0.12932492909262758,0.13400461258635113,0.9650781909413155,-0.3694687067692485,0.07250484420286779,2.4703102027420223,0.4658210986322019,D100+0.5·2330,10,10,0.008,0.03774394166845379
4653,0.16211727860277073,0.13837216124310248,1.1716032845505033,-0.3506031544202435,0.10145086917301843,3.306256429333011,0.5012449035233727,D100+0.5·2330,10,20,0.0,0.02149151085321298
4653,0.14857762676524658,0.13837423961406317,1.0737376203810876,-0.3729279947661509,0.08793408869474847,2.830977744505755,0.5010559331793129,D100+0.5·2330,10,20,0.005,0.02149151085321298
4653,0.14045383566273204,0.13849035680180724,1.0141777298164862,-0.3859786119918499,0.07982402040778645,2.5502145224763537,0.5009425509728769,D100+0.5·2330,10,20,0.008,0.02149151085321298
4672,0.25699756288853964,0.12339643213997713,2.082698489993694,-0.14159856766872292,0.2093575434187671,7.826354415057777,0.39635791415929966,D100+0.5·2330,20,1,0.0,0.1035958904109589
4672,0.1917321519296355,0.12359421703618885,1.5513035846450294,-0.2194071942326309,0.14425811304216257,5.105479951275301,0.3949769802696121,D100+0.5·2330,20,1,0.005,0.1035958904109589
4672,0.15257290535429305,0.1242790456791603,1.227663959925927,-0.26274896956521654,0.1051984548161998,3.5862588134167432,0.39414841993579985,D100+0.5·2330,20,1,0.008,0.1035958904109589
4668,0.18072692594785547,0.12705507524235615,1.4224298053668525,-0.2593026085773754,0.12920698519858662,4.551272137567639,0.42175942128252,D100+0.5·2330,20,5,0.0,0.04755784061696658
4668,0.1507654863591665,0.127255143509949,1.1847496470535939,-0.284835406550332,0.099320448845924,3.3662216616403033,0.4211462384057698,D100+0.5·2330,20,5,0.005,0.04755784061696658
4668,0.13278862260595314,0.12764365068145686,1.0403073078608187,-0.3089876983612937,0.08138852703432645,2.693655507166578,0.4207783286797196,D100+0.5·2330,20,5,0.008,0.04755784061696658
4663,0.1773528048443116,0.1325836150798349,1.337667589901807,-0.28615539690910774,0.12117525876453107,4.33400995695943,0.46055345190201685,D100+0.5·2330,20,10,0.0,0.03131031524769462
4663,0.15762730623826401,0.13284317599871068,1.186566830047739,-0.2968433887921431,0.10133720567547212,3.526378609512017,0.46147619344726537,D100+0.5·2330,20,10,0.005,0.03131031524769462
4663,0.14579200707463544,0.13317099844977326,1.0947729518572493,-0.30319192808156736,0.0894343738220368,3.0599348617043356,0.46202983837441436,D100+0.5·2330,20,10,0.008,0.03131031524769462
4653,0.1709957587860223,0.1359535878660896,1.2577509830373013,-0.30588351737355113,0.11192550174204659,3.7087074868572536,0.48805699185796236,D100+0.5·2330,20,20,0.0,0.017623038899634645
4653,0.15989324427925244,0.135936521398983,1.176234632413131,-0.3263849816012233,0.10084858749433999,3.2952594756165894,0.48784547448772486,D100+0.5·2330,20,20,0.005,0.017623038899634645
4653,0.15323173557519054,0.13602255623801718,1.1265170999070193,-0.33841787932464573,0.09420243894571609,3.0514997062394076,0.48771856406558245,D100+0.5·2330,20,20,0.008,0.017623038899634645
4672,0.2847094406814854,0.12808198132120055,2.2228688043753695,-0.18771182808164188,0.23218648919096424,10.77739768466761,0.43698318619458176,comm-EW-raw,1,1,0.0,0.4424229452054795
4672,0.005982985202033321,0.13040816374775904,0.0458789160899916,-0.5347253769328719,-0.04685121692017771,-1.9394434648576346,0.43957274540405294,comm-EW-raw,1,1,0.005,0.4424229452054795
4672,-0.1612528880856379,0.1331920932574077,-1.210679133738065,-0.9681548901705403,-0.2142738405868628,-8.253967200172989,0.44112648092973594,comm-EW-raw,1,1,0.008,0.4424229452054795
4668,0.15314439228399737,0.12623915138250064,1.2131291331321987,-0.36999927913337016,0.10170733935822761,3.9755790609678594,0.4210808739091754,comm-EW-raw,1,5,0.0,0.09618680377035133
4668,0.09254670590867604,0.12624911879069442,0.7330483317044546,-0.42998191304504485,0.041234789226053406,1.5726078978862275,0.42005646687912723,comm-EW-raw,1,5,0.005,0.09618680377035133
4668,0.05618809408348324,0.12677469670707991,0.44321221460548244,-0.463258819225731,0.004951259146748879,0.18553417917830134,0.4194418226610983,comm-EW-raw,1,5,0.008,0.09618680377035133
4663,0.11804693444300672,0.1329872932658675,0.8876557417181798,-0.4126170201257888,0.06117118444169094,2.3083152944320755,0.46627745105530727,comm-EW-raw,1,10,0.0,0.04932446922582029
4663,0.08697251883073995,0.13311042339373533,0.6533862383825398,-0.4441157104679341,0.0300248904285025,1.1086123686765477,0.4668667228902618,comm-EW-raw,1,10,0.005,0.04932446922582029
4663,0.06832786946337989,0.13345021116279723,0.5120102011680301,-0.46223394700202414,0.011337114020589421,0.41273726107582087,0.46722028599123444,comm-EW-raw,1,10,0.008,0.04932446922582029
4653,0.12075201153316141,0.14541326411061475,0.8304057561166243,-0.4660757365809596,0.052034633129984076,1.6912875112931445,0.5677645344737913,comm-EW-raw,1,20,0.0,0.024500322372662798
4653,0.10531680843838384,0.14542599132960557,0.7241952244952216,-0.47409149753186286,0.036599283423457085,1.186366645708208,0.5677657458260517,comm-EW-raw,1,20,0.005,0.024500322372662798
4653,0.0960556865815173,0.14555783920047413,0.65991421079851,-0.47885263361349684,0.027338073599540894,0.884186205136624,0.5677664726374079,comm-EW-raw,1,20,0.008,0.024500322372662798
4672,0.28428821056480685,0.12453231697205376,2.282846874427012,-0.14153563894386156,0.23492961798503562,11.09057177799986,0.410656188190056,comm-EW-raw,3,1,0.0,0.2773972602739726
4672,0.10952793659220406,0.12604695325596818,0.8689455299231363,-0.2504098235583786,0.05995260638505057,2.5615646082784225,0.4124594131858721,comm-EW-raw,3,1,0.005,0.2773972602739726
4672,0.004671772208642436,0.1281354696775015,0.036459633077403256,-0.47239570470906567,-0.045033600574940394,-1.8045186951305647,0.4135413481833618,comm-EW-raw,3,1,0.008,0.2773972602739726
4668,0.1309848566073854,0.1293940014953544,1.0122946588995327,-0.3652985889228709,0.07714360360753085,2.959343190389199,0.4407624577220946,comm-EW-raw,3,5,0.0,0.09554413024850043
4668,0.07079205455083012,0.12957195403280364,0.5463532218778436,-0.43284342707762147,0.016973283116942895,0.628498696481206,0.4405784161235601,comm-EW-raw,3,5,0.005,0.09554413024850043
4668,0.03467637331689695,0.13018152563767554,0.2663693880298276,-0.46994088470522366,-0.019128909177409906,-0.6923303042817868,0.44046799116443935,comm-EW-raw,3,5,0.008,0.09554413024850043
4663,0.12617391190249025,0.13289227610394297,0.9494450362472694,-0.41443670410879274,0.06970223532107149,2.320090456924952,0.4629647857407504,comm-EW-raw,3,10,0.0,0.04439202230323826
4663,0.09820693785145014,0.13297785852728072,0.7385209758909057,-0.44024867470798246,0.041695011676511184,1.3558247725610415,0.4632947590223719,comm-EW-raw,3,10,0.005,0.04439202230323826
4663,0.08142675342082609,0.13327009422773473,0.6109904393230363,-0.4552160316107189,0.024890677489774995,0.797664539783936,0.4634927429913447,comm-EW-raw,3,10,0.008,0.04439202230323826
4653,0.1393466664064517,0.13440620332612277,1.0367577013416667,-0.41344115686795435,0.08148122578833444,2.7200753030595846,0.4781024206410513,comm-EW-raw,3,20,0.0,0.02278100150440576
4653,0.12499463545867609,0.13441673811796226,0.9299037992499308,-0.4352384105462208,0.06713102151375093,2.214835051438486,0.4780873280941778,comm-EW-raw,3,20,0.005,0.02278100150440576
4653,0.11638341689001071,0.13454822965646998,0.8649940410748037,-0.44866562645604235,0.058520898949000866,1.9162248464999887,0.47807827256605373,comm-EW-raw,3,20,0.008,0.02278100150440576
4672,0.2835735256025145,0.12127302085037173,2.3383067694206394,-0.18766087756531136,0.23714321122535972,10.371962167818417,0.38629334675159654,comm-EW-raw,5,1,0.0,0.2144691780821918
4672,0.14845794341073368,0.12261096522005167,1.2108047852351058,-0.24474876445760785,0.10174549422141264,4.033838902866478,0.38864066665000435,comm-EW-raw,5,1,0.005,0.2144691780821918
4672,0.06738859409566522,0.1244347826796843,0.5415575343522286,-0.31114012644324374,0.020506864019044432,0.7644491143079954,0.390049058589049,comm-EW-raw,5,1,0.008,0.2144691780821918
4668,0.14479221101205286,0.12816104935942677,1.129767676963881,-0.29133138063705444,0.09231890067647233,3.394541581976656,0.4295640227464084,comm-EW-raw,5,5,0.0,0.0837617823479006
4668,0.09202228813287548,0.12846842505882,0.7163027653740018,-0.35067378926082027,0.039465836477241105,1.397063536719169,0.4302446453271146,comm-EW-raw,5,5,0.005,0.0837617823479006
4668,0.06036033440536906,0.12910278721876087,0.467537035456022,-0.3839313205706645,0.007753997957702322,0.2680900390795699,0.4306530188755383,comm-EW-raw,5,5,0.008,0.0837617823479006
4663,0.1496448407699712,0.13396325971060233,1.1170588196588038,-0.34607010243957415,0.09231636263661466,3.287683381784111,0.4699889962995298,comm-EW-raw,5,10,0.0,0.040317392236757454
4663,0.12424488366081403,0.13416316532243852,0.9260729900208633,-0.3718059679481093,0.0668923973845186,2.3268045475477623,0.47018581929867903,comm-EW-raw,5,10,0.005,0.040317392236757454
4663,0.1090049093953197,0.13450066772053274,0.8104413996056254,-0.38678844429061676,0.051638018233260974,1.7699079396333586,0.47030391309816855,comm-EW-raw,5,10,0.008,0.040317392236757454
4653,0.14503932679882323,0.13714082861651766,1.0575940678059623,-0.39665655173284764,0.08471610647393901,2.850347783434406,0.49840936749319015,comm-EW-raw,5,20,0.0,0.02321083172147002
4653,0.13041650281429712,0.1371839503503995,0.9506688098803341,-0.41157322887778247,0.07007835796638238,2.3351633993759937,0.49853267858374095,comm-EW-raw,5,20,0.005,0.02321083172147002
4653,0.12164280842358144,0.13733470580051202,0.8857397532148639,-0.4203630965659797,0.06129570886184842,2.0297554470303565,0.49860666523807146,comm-EW-raw,5,20,0.008,0.02321083172147002
4672,0.269571892777838,0.12086852654711404,2.230290220943167,-0.14990983247602852,0.22383827477135967,8.879916773988624,0.38049693601631307,comm-EW-raw,10,1,0.0,0.14597602739726026
4672,0.17760699551756398,0.12148378525581867,1.4619810795618686,-0.2428191405259994,0.13167901039608457,4.729176949536945,0.38211404165859547,comm-EW-raw,10,1,0.005,0.14597602739726026
4672,0.12242805716139962,0.12262264310285027,0.9984131320567979,-0.3245694278246909,0.07638345177091956,2.5842388059623227,0.38308430504396523,comm-EW-raw,10,1,0.008,0.14597602739726026
4668,0.14360746142879152,0.1318782905344584,1.0889393610335616,-0.41793059294735946,0.0877210978765904,2.9054406282197336,0.45750441492298144,comm-EW-raw,10,5,0.0,0.06962296486718081
4668,0.09974499356246763,0.13221338519627887,0.7544243225781572,-0.4613773304687796,0.04369639197490287,1.3858877854890432,0.4588325496007363,comm-EW-raw,10,5,0.005,0.06962296486718081
4668,0.07342751284267329,0.13278342651120148,0.5529870313783402,-0.48592084875590236,0.01728156843389032,0.5338174223240025,0.45962943040738924,comm-EW-raw,10,5,0.008,0.06962296486718081
4663,0.15103999620781058,0.1374486856265107,1.098882797746292,-0.36589101711721506,0.09024702333102269,2.952476538892893,0.4983915365407456,comm-EW-raw,10,10,0.0,0.037315033240403174
4663,0.1275315252663566,0.13763955684932216,0.926561580011253,-0.39072705821385134,0.06668527957213621,2.127025230410872,0.49882827651379896,comm-EW-raw,10,10,0.005,0.037315033240403174
4663,0.11342644270148418,0.1379509989871462,0.822222698887834,-0.4051878312879985,0.052548233316804305,1.650174699417315,0.4990903204976308,comm-EW-raw,10,10,0.008,0.037315033240403174
4653,0.13867305904271293,0.14281118702133438,0.971023782765679,-0.42743232819944654,0.07287430394284532,2.425381539985227,0.5436499532773789,comm-EW-raw,10,20,0.0,0.02149151085321298
4653,0.12513340720518876,0.14285581824938443,0.8759419723930494,-0.43879089346007283,0.059308296683325136,1.9518889185084134,0.5438677100406336,comm-EW-raw,10,20,0.005,0.02149151085321298
4653,0.11700961610267424,0.14299383986231093,0.818284313613391,-0.44551096904787535,0.051168692327613084,1.6721061240862805,0.5439983640985865,comm-EW-raw,10,20,0.008,0.02149151085321298
4672,0.23142540115434246,0.124153880533173,1.864020682724511,-0.2001168186355975,0.18349414235498182,7.2712264554983275,0.39878098229574177,comm-EW-raw,20,1,0.0,0.0997431506849315
4672,0.16858721622283565,0.12458444236711891,1.3531963784535126,-0.2515399864649248,0.12059192248370952,4.345844129142854,0.3993137435213095,comm-EW-raw,20,1,0.005,0.0997431506849315
4672,0.13088430526393152,0.12538476741114465,1.043861291657172,-0.2910293892064364,0.08285059056094617,2.8187685937809652,0.3996334002566502,comm-EW-raw,20,1,0.008,0.0997431506849315
4668,0.15553703681859168,0.1304645171887352,1.1921788404243707,-0.3272683208806475,0.1013177971545826,3.49403405238601,0.44385678264576167,comm-EW-raw,20,5,0.0,0.049057412167952015
4668,0.12463086715278192,0.13074127613306377,0.9532633521638347,-0.3601523344352574,0.07035731534799,2.3208573542186817,0.44430139994795687,comm-EW-raw,20,5,0.005,0.049057412167952015
4668,0.10608716535329604,0.13117624405947942,0.8087376347289896,-0.3855076647695723,0.05178102626403442,1.6629368000426448,0.44456817032927387,comm-EW-raw,20,5,0.008,0.049057412167952015
4663,0.16423390170586505,0.13558841749467593,1.2112679293739375,-0.44247804910268185,0.10550752627523391,3.4703613127382154,0.48144920541493025,comm-EW-raw,20,10,0.0,0.030023589963542784
4663,0.14531904002883309,0.13579297596224307,1.0701513756443388,-0.46354227479188415,0.086577672211481,2.768907460517984,0.48157211565110863,comm-EW-raw,20,10,0.005,0.030023589963542784
4663,0.1339701230226139,0.13607748715344792,0.9845134990738208,-0.4763420604550751,0.07521975977322926,2.3650096226987105,0.48164586179281565,comm-EW-raw,20,10,0.008,0.030023589963542784
4653,0.14510659607663406,0.1406370274448886,1.0317808809880953,-0.45742301266991914,0.08161173701885323,2.5442704249270047,0.5246144415304562,comm-EW-raw,20,20,0.0,0.019342359767891684
4653,0.13292090942286233,0.14065300813339993,0.9450271358348468,-0.478708053703213,0.06943850826576024,2.1319011564526633,0.5245115104474641,comm-EW-raw,20,20,0.005,0.019342359767891684
4653,0.12560949743059924,0.14076452662246278,0.8923377248835567,-0.49110064897815753,0.06213457101390449,1.8897260370436615,0.5244497517976691,comm-EW-raw,20,20,0.008,0.019342359767891684
4672,0.2894899251217824,0.12674972328052575,2.2839491687179136,-0.1784678486152228,0.23804503992611836,10.969947232664861,0.4280138341096993,comm-PCA-PC1,1,1,0.0,0.4402825342465753
4672,0.012111928546439861,0.12911193028207824,0.09380952263650802,-0.48523459846420947,-0.03960799255238995,-1.6313599646521788,0.43030209213543047,comm-PCA-PC1,1,1,0.005,0.4402825342465753
4672,-0.15431486939876563,0.13192883372353717,-1.1696826618064358,-0.9632033030306878,-0.2061998120394949,-7.908475284400367,0.4316750469508695,comm-PCA-PC1,1,1,0.008,0.4402825342465753
4668,0.16695783795336944,0.12437616478308951,1.3423620051682883,-0.40337913797232317,0.11723102662323585,4.632659913847181,0.4070802656953729,comm-PCA-PC1,1,5,0.0,0.09704370179948586
4668,0.10582030581969332,0.12443513512597189,0.8504053594876251,-0.46289091690829365,0.056195347413378754,2.1613073866138284,0.40624646368432427,comm-PCA-PC1,1,5,0.005,0.09704370179948586
4668,0.06913778653948767,0.12500170231864774,0.5530947599677105,-0.4957730884078072,0.019573939887464496,0.7387775839428475,0.4057461824776951,comm-PCA-PC1,1,5,0.008,0.09704370179948586
4663,0.12309055217900276,0.13315038106387095,0.924447614760918,-0.4049489432467057,0.06613498223780895,2.5140577836732856,0.46693182903025915,comm-PCA-PC1,1,10,0.0,0.04803774394166845
4663,0.09282677349575166,0.13327568198369447,0.6965019583025545,-0.4368664792820077,0.035804601512620084,1.3312793364950628,0.4674778443416896,comm-PCA-PC1,1,10,0.005,0.04803774394166845
4663,0.07466850628580098,0.13360986579644826,0.5588547360683442,-0.4552254472159363,0.017606373077506766,0.6452916279100327,0.46780545352854774,comm-PCA-PC1,1,10,0.008,0.04803774394166845
4653,0.11889337570738555,0.14593195415711221,0.8147179032453948,-0.4848004392279268,0.049723104589726716,1.6244804650841207,0.5715064761365755,comm-PCA-PC1,1,20,0.0,0.02493015258972706
4653,0.10318737957585751,0.1459548284687708,0.7069816097104041,-0.49508009621376103,0.034013713891460545,1.1088302127454663,0.5715345231117162,comm-PCA-PC1,1,20,0.005,0.02493015258972706
4653,0.09376378189694068,0.14609442338269835,0.6418026076965573,-0.5011613567998519,0.024588079472500815,0.8000217269038291,0.5715513512968006,comm-PCA-PC1,1,20,0.008,0.02493015258972706
4672,0.26801262052430685,0.12430900539656776,2.156019346058631,-0.15390920493749272,0.21896697983108118,10.295253072999158,0.4080524747918678,comm-PCA-PC1,3,1,0.0,0.2806078767123288
4672,0.09122965819553976,0.12586390587524335,0.7248278015936265,-0.30571987267427436,0.04198199466545239,1.7823788906441236,0.4097332749074477,comm-PCA-PC1,3,1,0.005,0.2806078767123288
4672,-0.01484011920172051,0.12798596635428927,-0.11595114389838856,-0.595239549989939,-0.06420899643392483,-2.555261833804926,0.41074175497679566,comm-PCA-PC1,3,1,0.008,0.2806078767123288
4668,0.12171999778362866,0.12960370544995617,0.9391706615257877,-0.3652985889228709,0.0677940100141145,2.5788748386195555,0.4414561248128246,comm-PCA-PC1,3,5,0.0,0.09511568123393316
4668,0.061797118606250735,0.1297995977469498,0.47609637994970555,-0.43284342707762147,0.00788053879871743,0.289512011085561,0.44137910809768954,comm-PCA-PC1,3,5,0.005,0.09511568123393316
4668,0.02584339109982401,0.13041697888605944,0.19815971294966464,-0.46994088470522366,-0.02806754393052091,-1.00811573876407,0.4413328980686084,comm-PCA-PC1,3,5,0.008,0.09511568123393316
4663,0.11827559296787839,0.13340617191080464,0.8865826166345396,-0.41443670410879274,0.061486861121180146,2.053455083483276,0.46556406084366747,comm-PCA-PC1,3,10,0.0,0.043534205447137035
4663,0.09084904353618203,0.13350561908266076,0.6804885379388589,-0.44024867470798246,0.03401437194520715,1.1120793910916058,0.4659406829869003,comm-PCA-PC1,3,10,0.005,0.043534205447137035
4663,0.07439311387716424,0.13380077780107758,0.5559991137552649,-0.4552160316107189,0.017530878439623337,0.5655318091844934,0.46616665627284004,comm-PCA-PC1,3,10,0.008,0.043534205447137035
4653,0.13016043445795186,0.1354713961634614,0.9607964348496028,-0.41344115686795435,0.07139752995752956,2.3522990678169955,0.48551754873796965,comm-PCA-PC1,3,20,0.0,0.02321083172147002
4653,0.11553761047342576,0.13548898254432862,0.8527454284751511,-0.4352384105462208,0.056772107729157674,1.8511086966815278,0.48553901624359647,comm-PCA-PC1,3,20,0.005,0.02321083172147002
4653,0.10676391608271008,0.135625997087034,0.7871935939700224,-0.44866562645604235,0.04799685439213456,1.5544817897945795,0.4855518967469727,comm-PCA-PC1,3,20,0.008,0.02321083172147002
4672,0.27864946943645896,0.12088016418594486,2.3051711694221746,-0.18766087756531047,0.2326024088567021,10.186178036828688,0.38310473185552807,comm-PCA-PC1,5,1,0.0,0.2144691780821918
4672,0.14353388724467808,0.12216846810539841,1.1748848902717441,-0.24474876445760785,0.09722003313400138,3.867610692884239,0.38532441456354377,comm-PCA-PC1,5,1,0.005,0.2144691780821918
4672,0.06246453792960959,0.12396689609454509,0.503880793159249,-0.3090765738500282,0.01599060770038104,0.5993068390329128,0.3866562241883531,comm-PCA-PC1,5,1,0.008,0.2144691780821918
4668,0.1399939563528128,0.1276261516381322,1.0969065082346756,-0.3288487722875506,0.08800088873086412,3.3607730254243067,0.42563259569057704,comm-PCA-PC1,5,5,0.0,0.0844044558697515
4668,0.08681914915486935,0.1278958266017762,0.6788270693553938,-0.3850745027828735,0.03475295295567643,1.2779392772010236,0.42623125061853684,comm-PCA-PC1,5,5,0.005,0.0844044558697515
4668,0.05491426483610327,0.12851287914828954,0.4273055370017687,-0.41658433946313167,0.002804191490563811,0.10070335820368985,0.42659044357531267,comm-PCA-PC1,5,5,0.008,0.0844044558697515
4663,0.13639395928877507,0.13324953098767459,1.0235980440440828,-0.35475835595545346,0.0798313684448939,2.866445115522526,0.46371011693312175,comm-PCA-PC1,5,10,0.0,0.041389663306883984
4663,0.11031847140543814,0.13342665603974824,0.8268098345549028,-0.38325772326468155,0.053745609663934685,1.883230454156799,0.4637943195671668,comm-PCA-PC1,5,10,0.005,0.041389663306883984
4663,0.09467317867543601,0.13375730779085385,0.7077981774533716,-0.39978224184732847,0.038094154395359126,1.314622931627682,0.46384484114759383,comm-PCA-PC1,5,10,0.008,0.041389663306883984
4653,0.1326988847723916,0.13524211380179535,0.981194992019047,-0.3966565517328474,0.07426243787446717,2.481605243614369,0.48282025362842457,comm-PCA-PC1,5,20,0.0,0.02321083172147002
4653,0.11807606078786549,0.13528913892441058,0.8727682186952016,-0.4115732288777817,0.05964435114117553,1.9744057524222702,0.4827811129728242,comm-PCA-PC1,5,20,0.005,0.02321083172147002
4653,0.10930236639714982,0.1354439800715031,0.8069931667649409,-0.4203630965659797,0.050873499101200564,1.6738247609993044,0.4827576285794641,comm-PCA-PC1,5,20,0.008,0.02321083172147002
4672,0.26898838789285445,0.12108948919404784,2.22140162356946,-0.136196518220966,0.22309495846768732,9.100410887887202,0.38182654337742167,comm-PCA-PC1,10,1,0.0,0.144263698630137
4672,0.17810225775586816,0.12170698411588221,1.4633692474565776,-0.21551082594584714,0.13201910194531516,4.915048214253189,0.3834050388358506,comm-PCA-PC1,10,1,0.005,0.144263698630137
4672,0.12357057967367636,0.12283828492552887,1.0059614536998092,-0.285495743372288,0.07737358803189193,2.724750937929567,0.3843521361109081,comm-PCA-PC1,10,1,0.008,0.144263698630137
4668,0.1596537568255614,0.130226109575783,1.2259734806302685,-0.3347545810210636,0.10521914369645256,3.7582431602674418,0.4456199016765494,comm-PCA-PC1,10,5,0.0,0.06876606683804627
4668,0.11633113471759224,0.13053109485659284,0.8912139658783887,-0.3844097299698065,0.06178059181862968,2.106492768697444,0.4465689414450713,comm-PCA-PC1,10,5,0.005,0.06876606683804627
4668,0.09033756145281076,0.13108366842008146,0.6891595462777836,-0.4124604450706213,0.03571746069193592,1.1840151071998517,0.44713836530618445,comm-PCA-PC1,10,5,0.008,0.06876606683804627
4663,0.16698961933739526,0.1347923971781444,1.2388652686152497,-0.2837685661598357,0.108660920747099,3.760230370844455,0.47818898039019125,comm-PCA-PC1,10,10,0.0,0.03645721638430195
4663,0.14402157301528504,0.13499782349411737,1.0668436667170482,-0.3142722827136304,0.08562539871857006,2.883500274296143,0.4787421581574532,comm-PCA-PC1,10,10,0.005,0.03645721638430195
4663,0.1302407452220189,0.13531736997297486,0.9624835691680245,-0.3326461808130936,0.0718040855014527,2.378079867623207,0.47907406481781034,comm-PCA-PC1,10,10,0.008,0.03645721638430195
4653,0.15751821128298132,0.13942859617369066,1.1297410689465441,-0.34334572194363633,0.09496248165193209,3.1864171205781324,0.5168550596365412,comm-PCA-PC1,10,20,0.0,0.02106168063614872
4653,0.1442493524822076,0.13944576472060793,1.0344477135696741,-0.3531355254788838,0.08167233125361988,2.7083345506443837,0.5170309774937935,comm-PCA-PC1,10,20,0.005,0.02106168063614872
4653,0.13628803720174343,0.139567816013464,0.9765004647532481,-0.3630231353767933,0.07369824101463257,2.425758744108541,0.5171365282081447,comm-PCA-PC1,10,20,0.008,0.02106168063614872
4672,0.23074815265636037,0.12415530076536949,1.8585445102535867,-0.20011681863559727,0.18285541473014366,7.147283313391088,0.398460494329934,comm-PCA-PC1,20,1,0.0,0.09931506849315068
4672,0.16817965950567546,0.12454413658834489,1.3503619207828215,-0.2726471255593128,0.12028104145982296,4.2809250459736,0.39850941605540335,comm-PCA-PC1,20,1,0.005,0.09931506849315068
4672,0.1306385636152645,0.12531777073393877,1.0424584067380378,-0.31307204110023956,0.08273641749763057,2.782129718505323,0.39853876909068514,comm-PCA-PC1,20,1,0.008,0.09931506849315068
4668,0.1576341796512834,0.13022918063342973,1.2104367000126761,-0.32726832088064783,0.10361262489945514,3.579882744922258,0.44223846800981514,comm-PCA-PC1,20,5,0.0,0.049057412167952015
4668,0.12672800998547368,0.1305187388030972,0.9709564400300998,-0.36015233443525674,0.07264948594371058,2.400457177204057,0.44270483762135443,comm-PCA-PC1,20,5,0.005,0.049057412167952015
4668,0.10818430818598779,0.13096180088030182,0.8260752941605278,-0.38550766476957143,0.05407160257026387,1.7390468522639857,0.4429846593882779,comm-PCA-PC1,20,5,0.008,0.049057412167952015
4663,0.16216704875255103,0.13499253533516883,1.2013038228366588,-0.44247804910268185,0.10397772092464401,3.424398901658806,0.47704639424694084,comm-PCA-PC1,20,10,0.0,0.030023589963542784
4663,0.14325218707551907,0.13520348321807818,1.0595302995593585,-0.46354227479188415,0.08504169869558113,2.7240014177344922,0.47721987219252704,comm-PCA-PC1,20,10,0.005,0.030023589963542784
4663,0.1319032700692999,0.1354925179236224,0.9735096231930254,-0.4763420604550751,0.07368008535814342,2.3204762883316583,0.47732395895987867,comm-PCA-PC1,20,10,0.008,0.030023589963542784
4653,0.1453138884450929,0.14013022585385318,1.0369917522051664,-0.45742301266991914,0.08228522656622976,2.5702808159319166,0.5207625742093805,comm-PCA-PC1,20,20,0.0,0.019342359767891684
4653,0.13312820179132115,0.1401463358715422,0.9499228143456148,-0.478708053703213,0.0701244781482343,2.1575380438826754,0.5205565266831919,comm-PCA-PC1,20,20,0.005,0.019342359767891684
4653,0.1258167897990581,0.1402583001025154,0.8970363230347017,-0.49110064897815753,0.06282802909743707,1.9150836348078748,0.5204328981674787,comm-PCA-PC1,20,20,0.008,0.019342359767891684
4672,0.28710667315513977,0.12462577011034989,2.303750443434943,-0.16744230228626655,0.23677014408960917,10.137861011741984,0.4187924750763746,comm-OLS-ora,1,1,0.0,0.4518407534246575
4672,0.0024469984976055186,0.127069759759325,0.01925712696899898,-0.5472902908374624,-0.048054049233241164,-1.8656788904189125,0.42016124603303495,comm-OLS-ora,1,1,0.005,0.4518407534246575
4672,-0.16834880629691507,0.12996300235029284,-1.2953594734843068,-0.9731629832680275,-0.21894856522695133,-7.977208223846032,0.42098250860703146,comm-OLS-ora,1,1,0.008,0.4518407534246575
4668,0.1367109137179665,0.12745600954500477,1.072612536717571,-0.48095782731940473,0.0840737203512125,3.210210794443641,0.43090562390861004,comm-OLS-ora,1,5,0.0,0.09832904884318766
4668,0.07476361294675829,0.12760018430072476,0.5859208852751919,-0.5303972258027969,0.0222165785749928,0.8208151944423635,0.4301675522998939,comm-OLS-ora,1,5,0.005,0.09832904884318766
4668,0.037595232484033354,0.1282105843994041,0.2932303339864356,-0.5578240275346935,-0.01489770649073904,-0.5384321300616365,0.4297247093346641,comm-OLS-ora,1,5,0.008,0.09832904884318766
4663,0.11923654704640699,0.13112348840547908,0.909345446009539,-0.4589420666917514,0.06398767699144571,2.5024016810793515,0.4529400017110506,comm-OLS-ora,1,10,0.0,0.0461076560154407
4663,0.09018872375667936,0.1312717411352044,0.6870383753331096,-0.48536041063390456,0.03490086100978492,1.3404666933633715,0.4532596706913096,comm-OLS-ora,1,10,0.005,0.0461076560154407
4663,0.07276002978284278,0.13161354474913745,0.5528308649503161,-0.5006182406809547,0.017448771420788423,0.6619803271362094,0.453451472079465,comm-OLS-ora,1,10,0.008,0.0461076560154407
4653,0.14270632574117662,0.1313273714478763,1.0866457172472732,-0.4058330036451143,0.08736416315611589,2.8399523673918,0.4572543060726982,comm-OLS-ora,1,20,0.0,0.02364066193853428
4653,0.12781270871990003,0.1313823280247262,0.972830293400233,-0.41179944485795217,0.07249631545542923,2.351771818841732,0.45704139186309917,comm-OLS-ora,1,20,0.005,0.02364066193853428
4653,0.11887653850713406,0.13154803627450962,0.9036739876455994,-0.41535767329431283,0.06357560683501716,2.0587741396924324,0.4569136433373398,comm-OLS-ora,1,20,0.008,0.02364066193853428
4672,0.3122482578956118,0.12087995553999586,2.5831268426658003,-0.17814161735705547,0.2651291704772335,10.697878549463274,0.39202383655800277,comm-OLS-ora,3,1,0.0,0.2833904109589041
4672,0.13371229899150214,0.12249179918623221,1.0916020491152285,-0.34172345342912325,0.08621482650431504,3.189907160874358,0.3951719443524841,comm-OLS-ora,3,1,0.005,0.2833904109589041
4672,0.026590723649036373,0.12468652825026091,0.21326059857617966,-0.4498664246803785,-0.021133779879435852,-0.7392320445456516,0.39706080902917307,comm-OLS-ora,3,1,0.008,0.2833904109589041
4668,0.1360742910232828,0.12758850809362954,1.066508990946317,-0.4155319846858294,0.08356451492860703,3.149361161542788,0.42986254361481346,comm-OLS-ora,3,5,0.0,0.09532990574121679
4668,0.07601645040631623,0.12776506645945096,0.5949705386052588,-0.4816729032962559,0.023461422782954256,0.8466107545082803,0.4302329877238956,comm-OLS-ora,3,5,0.005,0.09532990574121679
4668,0.03998174603613628,0.12837986256158657,0.31143315811664923,-0.5177779672980214,-0.01260043250443739,-0.44208546709037233,0.4304552541893451,comm-OLS-ora,3,5,0.008,0.09532990574121679
4663,0.13367431726337842,0.12933564842884704,1.0335458080369722,-0.43276672082651535,0.08013448035858806,2.6890238880617305,0.43892904588168036,comm-OLS-ora,3,10,0.0,0.04331975123311173
4663,0.10638287398651805,0.129378007338315,0.8222639703232855,-0.4631895540156187,0.052893782650316475,1.7336901096495523,0.43851302474132803,comm-OLS-ora,3,10,0.005,0.04331975123311173
4663,0.09000800802040179,0.12964536075090563,0.6942632385692448,-0.4806888318153776,0.03654936402535354,1.1804580302111625,0.4382634120571166,comm-OLS-ora,3,10,0.008,0.04331975123311173
4653,0.16356715294783386,0.13018586414487424,1.2564125454190025,-0.40004055235807034,0.10957788645361773,3.603887482616083,0.44607625421654234,comm-OLS-ora,3,20,0.0,0.0223511712873415
4653,0.1494859150368087,0.13022165523998067,1.1479343797414236,-0.4119487031899898,0.09553590329064646,3.1219852555658103,0.4457519191753548,comm-OLS-ora,3,20,0.005,0.0223511712873415
4653,0.14103717229019364,0.13036992893936805,1.0818228822981615,-0.42041726322010176,0.0871107133928637,2.834429156099106,0.44555731815064253,comm-OLS-ora,3,20,0.008,0.0223511712873415
4672,0.29131422487517,0.11754270844788131,2.4783691708477127,-0.15813024810834542,0.24728463451743118,10.313678593197904,0.36631967807139,comm-OLS-ora,5,1,0.0,0.2183219178082192
4672,0.15377141665599195,0.11862842309155767,1.29624429498916,-0.279220753920724,0.1095619314068672,4.17200183592094,0.3678163769542027,comm-OLS-ora,5,1,0.005,0.2183219178082192
4672,0.07124573172448509,0.12035215310488222,0.5919772092685139,-0.37440606236199614,0.026928309540528942,0.9675580308910773,0.36871439628389047,comm-OLS-ora,5,1,0.008,0.2183219178082192
4668,0.14513726677281208,0.124115314154367,1.1693743657797078,-0.30598926746846555,0.09565455133581739,3.5804066664633,0.40508201528726906,comm-OLS-ora,5,5,0.0,0.08933161953727506
4668,0.08885834646432877,0.12441802722274521,0.7141918936332752,-0.37361968316670535,0.03936031398120796,1.4126082240513165,0.4052074057364035,comm-OLS-ora,5,5,0.005,0.08933161953727506
4668,0.05509099427923882,0.12509202959390464,0.4404037128351401,-0.4110645495720815,0.005583771568442283,0.19512186919596874,0.40528264000588415,comm-OLS-ora,5,5,0.008,0.08933161953727506
4663,0.13539201031277742,0.1278409969212293,1.0590656641718834,-0.4444615271325858,0.08326122833119738,2.794955391725221,0.4273773645767964,comm-OLS-ora,5,10,0.0,0.04289084280506112
4663,0.10837077934558893,0.12803476681031284,0.8464168135373992,-0.47951922460584107,0.05622057892237382,1.8380582859259642,0.42753656039344723,comm-OLS-ora,5,10,0.005,0.04289084280506112
4663,0.09215804076527584,0.1283928848469728,0.7177815256282771,-0.4995221148761595,0.039996189277079645,1.2865227804874622,0.42763207788343766,comm-OLS-ora,5,10,0.008,0.04289084280506112
4653,0.152510272211098,0.13083761733466345,1.165645441410012,-0.404189623150487,0.09808772356333943,3.2805227662247343,0.4496561672737388,comm-OLS-ora,5,20,0.0,0.02192134107027724
4653,0.13869982733682332,0.13085286178737798,1.0599678558211119,-0.424702068005112,0.08431976460197796,2.7989159702426907,0.44930513533498645,comm-OLS-ora,5,20,0.005,0.02192134107027724
4653,0.13041356041225852,0.13098584078789408,0.9956309752856248,-0.4366927348038102,0.07605898922516106,2.512158506307251,0.4490945161717353,comm-OLS-ora,5,20,0.008,0.02192134107027724
4672,0.2894830768088692,0.11563428210111247,2.5034364511014178,-0.1566622790666794,0.2473765313361082,9.106015660890106,0.35032022912221017,comm-OLS-ora,10,1,0.0,0.14940068493150685
4672,0.19536064530201988,0.11619150319739378,1.6813677414098718,-0.208198083439038,0.15312435612519454,5.18222030140689,0.3513996775458385,comm-OLS-ora,10,1,0.005,0.14940068493150685
4672,0.13888718639791026,0.11734631917458328,1.183566620366501,-0.2588617648778704,0.09657305099864626,3.100856408125049,0.3520473466000156,comm-OLS-ora,10,1,0.008,0.14940068493150685
4668,0.16425718995853603,0.12474983987768228,1.3166925915062568,-0.27737219483507347,0.11438048031961334,3.9355700458278777,0.40830738325503346,comm-OLS-ora,10,5,0.0,0.06426735218508997
4668,0.12376875808192936,0.12496897056604175,0.9903959160527924,-0.32629346892840594,0.07391991453210937,2.460929790975305,0.4080792621539138,comm-OLS-ora,10,5,0.005,0.06426735218508997
4668,0.09947569895596535,0.12546323347661276,0.7928673301290959,-0.35409632642376576,0.049643575059606954,1.6192838957129037,0.407942389493242,comm-OLS-ora,10,5,0.008,0.06426735218508997
4663,0.16852830603519928,0.13013029456954375,1.295073576776813,-0.32734807082113127,0.11448935963798024,4.061477520514407,0.4430208337160698,comm-OLS-ora,10,10,0.0,0.03903066695260562
4663,0.14393898585505777,0.13033497549795547,1.1043772809648913,-0.35056652122086573,0.08980637280593283,3.0992748166525543,0.4437887294835727,comm-OLS-ora,10,10,0.005,0.03903066695260562
4663,0.12918539374697285,0.13067484977923047,0.988601815615063,-0.3641380571861055,0.0749965807067044,2.5444883722524287,0.4442494669440744,comm-OLS-ora,10,10,0.008,0.03903066695260562
4653,0.17112410079994186,0.13518519376971722,1.2658494323827003,-0.40004055235806935,0.11293335116388196,3.6347642339643866,0.48079022578473196,comm-OLS-ora,10,20,0.0,0.020631850419084462
4653,0.15812603503591866,0.1351949654807088,1.1696148186707584,-0.4119487031899901,0.09998912495557123,3.1854810214641525,0.480345386487953,comm-OLS-ora,10,20,0.005,0.020631850419084462
4653,0.15032719557750476,0.13531379177568514,1.1109525023636018,-0.42099868077348546,0.09222258923058477,2.919029896325305,0.4800784829098857,comm-OLS-ora,10,20,0.008,0.020631850419084462
4672,0.2436323134085284,0.12040272692828764,2.023478368173811,-0.1972531523493134,0.19817787923213664,7.625804723993365,0.3781741678522422,comm-OLS-ora,20,1,0.0,0.10188356164383562
4672,0.179445669572912,0.12087712311652382,1.484529619388186,-0.2573296190094192,0.13389664316147912,4.735175947164799,0.378961161253879,comm-OLS-ora,20,1,0.005,0.10188356164383562
4672,0.14093368327154213,0.1217305994771765,1.15775067137467,-0.29881176270718524,0.09532790151908462,3.1973971272346784,0.37943335729486116,comm-OLS-ora,20,1,0.008,0.10188356164383562
4668,0.16729510472386266,0.12572370931608562,1.3306567681936683,-0.2792234075445458,0.11651684711984507,4.33954429256603,0.4156877556406958,comm-OLS-ora,20,5,0.0,0.04712939160239932
4668,0.13760358801435107,0.1259672888488718,1.0923755625116283,-0.30407693017894055,0.08682893300475975,3.1095769370710804,0.41565826360094893,comm-OLS-ora,20,5,0.005,0.04712939160239932
4668,0.11978867798864415,0.12638218897937817,0.9478287957822137,-0.3276693532047362,0.06901618453570861,2.4127938313847577,0.4156405683771007,comm-OLS-ora,20,5,0.008,0.04712939160239932
4663,0.18102324028119468,0.1298782552064288,1.3937917474597727,-0.2850341916850866,0.12718426310721562,4.5333282640256405,0.4413814506802468,comm-OLS-ora,20,10,0.0,0.029594681535492173
4663,0.1623785909138346,0.13012419985883972,1.2478738857951472,-0.2957418241292904,0.10848513089810763,3.7657239018618998,0.44182811064650457,comm-OLS-ora,20,10,0.005,0.029594681535492173
4663,0.15119180129341858,0.1304381359563201,1.1591073437606338,-0.302102012426284,0.09726565157264287,3.3215220595443764,0.4420961066262593,comm-OLS-ora,20,10,0.008,0.029594681535492173
4653,0.18382861679366488,0.13136792599243283,1.3993416993144427,-0.2846703868675593,0.12900173433318957,4.327561536158788,0.4529969000590062,comm-OLS-ora,20,20,0.0,0.016763378465506126
4653,0.17326768836039597,0.13140455781659735,1.3185820281989566,-0.30236846673118123,0.11850486022744205,3.9277966428809816,0.4524676631135451,comm-OLS-ora,20,20,0.005,0.016763378465506126
4653,0.16693113130043466,0.13152132911880018,1.2692323930945806,-0.3127971786504786,0.11220673576399358,3.6910566840339505,0.45215012094626855,comm-OLS-ora,20,20,0.008,0.016763378465506126
