n,ann_ret,ann_vol,sharpe,max_dd,win,ann_alpha,t_alpha,beta,predictor,smooth_N,hold_K,cost_rt,avg_daily_turn,ann_turn
4672,0.2911222067786004,0.12540505612064282,2.3214550974606127,-0.18731833268390874,0.3645119863013699,0.24037871591555732,10.514850646836198,0.4221783370260516,D100,1,1,0.0,0.4351455479452055,109.65667808219179
4672,0.1266371896553128,0.12645093145515973,1.0014729681941419,-0.30791565963369905,0.3531678082191781,0.07581696038821573,3.123546024569138,0.42281678919515736,D100,1,1,0.003,0.4351455479452055,109.65667808219179
4672,0.01698051157312099,0.1277510392044041,0.132918774507594,-0.40766546496432576,0.339041095890411,-0.033890876630011973,-1.3388521035556302,0.4232424239745608,D100,1,1,0.005,0.4351455479452055,109.65667808219179
4672,-0.1475045055501667,0.13056947540804598,-1.1297012957216581,-0.9588526029962039,0.3184931506849315,-0.1984526321573536,-7.3499494596578145,0.42388087614366676,D100,1,1,0.008,0.4351455479452055,109.65667808219179
4672,-0.25716118363235846,0.13299866344105674,-1.9335621650538537,-0.9944684085726702,0.3056506849315068,-0.30816046917558104,-10.928572237930638,0.42430651092307076,D100,1,1,0.01,0.4351455479452055,109.65667808219179
4668,0.1590670304465475,0.12381244344433359,1.2847418726379023,-0.33535627058079753,0.3361182519280206,0.10942038663499884,4.2342791737403225,0.40642398764550897,D100,1,5,0.0,0.09575835475578406,24.131105398457585
4668,0.12287037234886108,0.12372749441777282,0.9930725012015712,-0.36645985804503034,0.3344044558697515,0.07329711672259853,2.803070957593079,0.4058232074795171,D100,1,5,0.003,0.09575835475578406,24.131105398457585
4668,0.09873926695040351,0.1238912288601794,0.7969835141585222,-0.38640716510577633,0.33161953727506427,0.04921493678099837,1.8654374144937185,0.4054226873688556,D100,1,5,0.005,0.09575835475578406,24.131105398457585
4668,0.06254260885271713,0.12446564186954437,0.502488943240012,-0.41519185816298787,0.3273350471293916,0.013091666868598115,0.4889570210077179,0.40482190720286376,D100,1,5,0.008,0.09575835475578406,24.131105398457585
4668,0.038411503454259546,0.12506544226562125,0.3071312327243762,-0.43365022105235884,0.3249785775492716,-0.01099051307300209,-0.40610901497973073,0.40442138709220227,D100,1,5,0.01,0.09575835475578406,24.131105398457585
4663,0.1534940523373415,0.12842695313481103,1.1951856568318437,-0.3577710057860678,0.34312674244048896,0.10057529082836522,4.097366872436828,0.4338373600143881,D100,1,10,0.0,0.04717992708556723,11.889341625562942
4663,0.1356600398989971,0.1284654260063856,1.0560042815897712,-0.3748784463552254,0.34248337979841303,0.08265938298694481,3.321384866803792,0.4345087530034657,D100,1,10,0.003,0.04717992708556723,11.889341625562942
4663,0.12377069827343416,0.12860125072198322,0.9624377490776355,-0.3860433138751326,0.3405532918721853,0.0707154444259979,2.813970389759667,0.43495634832951746,D100,1,10,0.005,0.04717992708556723,11.889341625562942
4663,0.10593668583508974,0.12896955580491082,0.8214084725184109,-0.4024380864364192,0.3381942955179069,0.052799536584577526,2.0691224793787786,0.43562774131859505,D100,1,10,0.008,0.04717992708556723,11.889341625562942
4663,0.09404734420952679,0.12932407548198394,0.727222242718669,-0.4131372725227658,0.3366931160197298,0.04085559802363062,1.5840943592048122,0.43607533664464676,D100,1,10,0.01,0.04717992708556723,11.889341625562942
4653,0.1283769169324793,0.14001759182888798,0.9168627688538277,-0.47450516473709947,0.33935095637223295,0.06495553236475408,2.050072161348845,0.5240073722473794,D100,1,20,0.0,0.0223511712873415,5.6324951644100585
4653,0.11992817418586421,0.13999082337901933,0.8566859690592982,-0.47924857798913323,0.33870621104663656,0.05649787299978286,1.78242177414168,0.5240810441450523,D100,1,20,0.003,0.0223511712873415,5.6324951644100585
4653,0.11429567902145414,0.14002215241835436,0.8162685478506618,-0.4823909882347983,0.33784655061250807,0.05085943342313535,1.6037626290181968,0.5241301587435009,D100,1,20,0.005,0.0223511712873415,5.6324951644100585
4653,0.10584693627483907,0.14014284202803007,0.7552789335731365,-0.4870749655973917,0.3365570599613153,0.0424017740581641,1.3356674197981169,0.5242038306411737,D100,1,20,0.008,0.0223511712873415,5.6324951644100585
4653,0.100214441110429,0.14027233383408033,0.714427701965568,-0.4901779514114568,0.3359123146357189,0.03676333448151659,1.157001108882616,0.5242529452396224,D100,1,20,0.01,0.0223511712873415,5.6324951644100585
4672,0.2894527917884434,0.1225551206649842,2.3618171988071355,-0.17532954064076267,0.3801369863013699,0.24133863297086725,10.900896195001083,0.40030268338920233,D100,3,1,0.0,0.2786815068493151,70.22773972602741
4672,0.18411118219940226,0.12324175764654514,1.4939026001838551,-0.21436543656361529,0.3722174657534247,0.1358411138323853,5.7786006468530715,0.40159982777540704,D100,3,1,0.003,0.2786815068493151,70.22773972602741
4672,0.11388344247337488,0.1242083525491459,0.9168742692107947,-0.2872441615710708,0.3621575342465753,0.06550943440673063,2.6750360476431556,0.40246459069954327,D100,3,1,0.005,0.2786815068493151,70.22773972602741
4672,0.008541832884333796,0.12639815529453524,0.06757877806388445,-0.49240031732876943,0.3501712328767123,-0.039988084731751264,-1.5350562888190649,0.403761735085748,D100,3,1,0.008,0.2786815068493151,70.22773972602741
4672,-0.06168590684169361,0.12833165914360206,-0.48067567468030314,-0.8273934179437041,0.3420376712328767,-0.11031976415740592,-4.064626637905582,0.4046264980098844,D100,3,1,0.01,0.2786815068493151,70.22773972602741
4668,0.15629533541547275,0.12350457673830122,1.2655023768605207,-0.2891270940994821,0.3511139674378749,0.1072191036814132,4.336252081769755,0.40175440409794316,D100,3,5,0.0,0.09447300771208227,23.80719794344473
4668,0.12058453850030569,0.12347835585525868,0.97656417325199,-0.32239014027497126,0.34897172236503854,0.07154168425227232,2.8238590688066485,0.40148116486308444,D100,3,5,0.003,0.09447300771208227,23.80719794344473
4668,0.09677734055686094,0.12367899440351986,0.7824880936621417,-0.3437224496622171,0.3459725792630677,0.04775673796617844,1.8536792642889333,0.4012990053731785,D100,3,5,0.005,0.09447300771208227,23.80719794344473
4668,0.06106654364169383,0.12430501857567514,0.49126370231397687,-0.37450589765567344,0.3421165381319623,0.012079318537037632,0.45689281919037866,0.4010257661383197,D100,3,5,0.008,0.09447300771208227,23.80719794344473
4668,0.037259345698249104,0.1249365452262134,0.29822615657241325,-0.3942460688208552,0.33911739502999144,-0.011705627749056287,-0.4350256857094373,0.4008436066484138,D100,3,5,0.01,0.09447300771208227,23.80719794344473
4663,0.16512612585775488,0.129299423805083,1.2770832305229771,-0.3088086010167663,0.36907570233755094,0.11177175308334047,4.140661959118565,0.43740857816087003,D100,3,10,0.0,0.04374865966116234,11.02466223461291
4663,0.14858913250583553,0.12932619138398918,1.1489484915290804,-0.33129357174377905,0.36821788548144974,0.09517993644154991,3.4747153403508384,0.43785802918101496,D100,3,10,0.003,0.04374865966116234,11.02466223461291
4663,0.13756447027122262,0.12944589792277075,1.062717880432917,-0.3458937935508697,0.3669311601972979,0.08411872534702286,3.039871504716971,0.4381576631944449,D100,3,10,0.005,0.04374865966116234,11.02466223461291
4663,0.12102747691930325,0.12977768622110356,0.9325753944565441,-0.36722492442450827,0.36500107227107015,0.06752690870523231,2.402113771132516,0.4386071142145898,D100,3,10,0.008,0.04374865966116234,11.02466223461291
4663,0.11000281468469034,0.13009976018010233,0.8455266522583057,-0.38107500261300253,0.3637143469869183,0.05646569761070529,1.9870031122532381,0.4389067482280198,D100,3,10,0.01,0.04374865966116234,11.02466223461291
4653,0.15885328127544152,0.13296612753106604,1.194689837367244,-0.3762060752335,0.35955297657425317,0.10233150392784168,3.596454186593911,0.46700065324243323,D100,3,20,0.0,0.0223511712873415,5.6324951644100585
4653,0.1504045385288265,0.13294290460857588,1.1313468663232757,-0.3818191613962164,0.35933806146572106,0.0938707243897846,3.287154078250253,0.4671001049888244,D100,3,20,0.003,0.0223511712873415,5.6324951644100585
4653,0.1447720433644164,0.13297920349019354,1.0886818356908907,-0.3855377856178399,0.3582634859230604,0.08823020469774655,3.081379249062529,0.4671664061530851,D100,3,20,0.005,0.0223511712873415,5.6324951644100585
4653,0.13632330061780132,0.13311123833506064,1.024130661865345,-0.3910807601136794,0.35697399527186763,0.07976942515968949,2.773685211774222,0.46726585789947644,D100,3,20,0.008,0.0223511712873415,5.6324951644100585
4653,0.1306908054533913,0.13325086632456812,0.9807876605849518,-0.3947528778031748,0.35632924994627124,0.07412890546765144,2.5693882023124113,0.4673321590637372,D100,3,20,0.01,0.0223511712873415,5.6324951644100585
4672,0.26804943256617625,0.11821303292363086,2.267511677323635,-0.17935286075169954,0.3803510273972603,0.22373032150301944,9.577015762427704,0.3687284475089883,D100,5,1,0.0,0.21746575342465754,54.801369863013704
4672,0.1858473777716557,0.11867634431793672,1.5660018754349747,-0.23058090418199106,0.3741438356164384,0.14147246555750825,5.721526024083962,0.3691927048300494,D100,5,1,0.003,0.21746575342465754,54.801369863013704
4672,0.13104600790864201,0.11943398409318264,1.0972254580940688,-0.2706206630645632,0.3657962328767123,0.08663389492716747,3.369354604693474,0.36950220971075654,D100,5,1,0.005,0.21746575342465754,54.801369863013704
4672,0.04884395311412147,0.1212267650966896,0.4029139363338112,-0.3639611908413055,0.3559503424657534,0.004376038981656332,0.1603615780639537,0.3699664670318176,D100,5,1,0.008,0.21746575342465754,54.801369863013704
4672,-0.005957416748892231,0.12284460134396073,-0.0484955519714836,-0.6091858435295074,0.3486729452054795,-0.050462531648684424,-1.7771063867108516,0.370275971912525,D100,5,1,0.01,0.21746575342465754,54.801369863013704
4668,0.15758230059667155,0.12229596884480838,1.2885322556840855,-0.22895974685124876,0.3596829477292202,0.10964070185129361,4.330412427832039,0.3924659199553983,D100,5,5,0.0,0.08547557840616966,21.539845758354755
4668,0.1252725319591394,0.1223002610984184,1.024303062266802,-0.24875911856588628,0.35732647814910024,0.07734893822699568,2.9677255772458078,0.3923185249108506,D100,5,5,0.003,0.08547557840616966,21.539845758354755
4668,0.10373268620078466,0.12250433101335526,0.8467675007300425,-0.273209406148912,0.35475578406169667,0.05582109581079708,2.1000274431086434,0.39222026154781864,D100,5,5,0.005,0.08547557840616966,21.539845758354755
4668,0.07142291756325252,0.12311024735920219,0.5801541227909314,-0.30844396985039557,0.3508997429305913,0.023529332186499115,0.859131048639378,0.39207286650327083,D100,5,5,0.008,0.08547557840616966,21.539845758354755
4668,0.04988307180489776,0.1237117817198825,0.4032200580365641,-0.34508339046954173,0.3485432733504713,0.0020014897703005134,0.07162693120222981,0.3919746031402389,D100,5,5,0.01,0.08547557840616966,21.539845758354755
4663,0.17435352726215086,0.128490719020612,1.356934793354077,-0.30751875184970046,0.3727214239759811,0.12183001321992011,4.678608932580279,0.43059705142371607,D100,5,10,0.0,0.04074630066480806,10.268067767531631
4663,0.15895142561085343,0.12857383498572392,1.236265727225936,-0.3300643117522406,0.3720780613339052,0.10638679147707318,4.020871722067411,0.4309341612020383,D100,5,10,0.003,0.04074630066480806,10.268067767531631
4663,0.1486833578433218,0.12872491849733622,1.155047209032792,-0.34470355115144746,0.37100579026377867,0.0960913103151752,3.5922748895943086,0.4311589010542531,D100,5,10,0.005,0.04074630066480806,10.268067767531631
4663,0.13328125619202436,0.12909438125368825,1.032432665912146,-0.3660912129701377,0.3688612481235256,0.08064808857232832,2.964760903702432,0.43149601083257527,D100,5,10,0.008,0.04074630066480806,10.268067767531631
4663,0.12301318842449273,0.12943528052363454,0.9503837587931125,-0.37997768634013385,0.3675745228393738,0.07035260741043035,2.5569071940332724,0.43172075068479004,D100,5,10,0.01,0.04074630066480806,10.268067767531631
4653,0.1685034137314324,0.1294042642172198,1.3021473036512943,-0.3762060752335,0.35998280679131744,0.11523012194456628,4.194591868249811,0.44016064660956183,D100,5,20,0.0,0.02192134107027724,5.524177949709864
4653,0.1602171468068676,0.12941582118840458,1.2380027830880294,-0.3818191613962164,0.3591231463571889,0.10693776582286077,3.875439000542467,0.4402109574662949,D100,5,20,0.003,0.02192134107027724,5.524177949709864
4653,0.15469296885715775,0.12947571006338154,1.1947643985225627,-0.3855377856178399,0.3582634859230604,0.10140952840839045,3.663252332565146,0.4402444980374503,D100,5,20,0.005,0.02192134107027724,5.524177949709864
4653,0.14640670193259292,0.12964367507823488,1.1293007687744292,-0.3910807601136794,0.35697399527186763,0.09311717228668492,3.346193117963617,0.44029480889418354,D100,5,20,0.008,0.02192134107027724,5.524177949709864
4653,0.1408825239828831,0.12980758229166994,1.0853181416346576,-0.3947528778031748,0.35632924994627124,0.0875889348722146,3.1358297007810356,0.4403283494653389,D100,5,20,0.01,0.02192134107027724,5.524177949709864
4672,0.2528180166874786,0.11694886147470812,2.161782624469193,-0.20168349663940366,0.3852739726027397,0.20970551492038872,8.761422081016955,0.3586896366705967,D100,10,1,0.0,0.14897260273972604,37.541095890410965
4672,0.19650637285186218,0.11711003499252347,1.677963573868008,-0.25423464214577207,0.3820633561643836,0.15332803795936484,6.04918483537972,0.359237358534684,D100,10,1,0.003,0.14897260273972604,37.541095890410965
4672,0.1589652769614512,0.11755763712027269,1.3522326652313925,-0.2985994970300536,0.3743578767123288,0.11574305331868208,4.391401166075163,0.3596025064440754,D100,10,1,0.005,0.14897260273972604,37.541095890410965
4672,0.10265363312583475,0.11873157624506231,0.864585785620814,-0.36100289697254995,0.3685787671232877,0.05936557635765805,2.123259224545587,0.36015022830816257,D100,10,1,0.008,0.14897260273972604,37.541095890410965
4672,0.0651125372354238,0.11984156896252306,0.5433218022686757,-0.3995360526722481,0.364083904109589,0.021780591716975422,0.74900329281731,0.3605153762175541,D100,10,1,0.01,0.14897260273972604,37.541095890410965
4668,0.16626667058936198,0.12320394554014416,1.3495239122450546,-0.34182867600626865,0.36568123393316193,0.11746550855552385,4.290208997792414,0.39950259177264646,D100,10,5,0.0,0.06812339331619537,17.16709511568123
4668,0.1405160279158401,0.12319792107573642,1.1405714210831313,-0.3689924962830894,0.36375321336760924,0.09175070729649755,3.2592480757446927,0.3992091819974069,D100,10,5,0.003,0.06812339331619537,17.16709511568123
4668,0.12334893280015892,0.12335615402806517,0.9999414603352127,-0.3870542641618242,0.36225364181662384,0.07460750645714671,2.601265202869983,0.3990135754805804,D100,10,5,0.005,0.06812339331619537,17.16709511568123
4668,0.09759829012663705,0.12383563345624007,0.7881276770076479,-0.4132142381459194,0.35946872322193657,0.048892705198120494,1.6574044096308043,0.39872016570534075,D100,10,5,0.008,0.06812339331619537,17.16709511568123
4668,0.0804311950109558,0.12431525370409122,0.646993772802869,-0.43005176700390024,0.35732647814910024,0.03174950435876964,1.0562275665769894,0.39852455918851426,D100,10,5,0.01,0.06812339331619537,17.16709511568123
4663,0.18917670790801477,0.12673821943222452,1.4926571381191003,-0.26044837514209473,0.374008149260133,0.1379005200218939,5.066486387550591,0.42037125113638635,D100,10,10,0.0,0.03774394166845379,9.511473300450355
4663,0.17490949795733923,0.12688561446508942,1.378481703341263,-0.2767354116285219,0.37336478661805705,0.12356862908581152,4.457665021927694,0.4209015172868377,D100,10,10,0.003,0.03774394166845379,9.511473300450355
4663,0.16539802465688888,0.12707386504355533,1.301589627420223,-0.2882773739681922,0.3727214239759811,0.11401403512842327,4.062529504339036,0.42125502805380527,D100,10,10,0.005,0.03774394166845379,9.511473300450355
4663,0.15113081470621334,0.12749042450532633,1.185428751160048,-0.3052669829121867,0.37057688183572807,0.09968214419234099,3.4860333484446566,0.4217852942042567,D100,10,10,0.008,0.03774394166845379,9.511473300450355
4663,0.141619341405763,0.1278569064991982,1.1076393546769498,-0.3163813478059706,0.36950461076560154,0.09012755023495277,3.112504335385942,0.4221388049712243,D100,10,10,0.01,0.03774394166845379,9.511473300450355
4653,0.18593121747278452,0.1291298622105624,1.4398777656062267,-0.31098086416478155,0.37244788308618093,0.1324081003930038,4.514137537475082,0.44222478154060113,D100,10,20,0.0,0.02192134107027724,5.524177949709864
4653,0.17764495054821972,0.1291520800086168,1.3754710767055984,-0.31922462391048667,0.37180313776058455,0.1241263002021502,4.203877623858552,0.44218787598562964,D100,10,20,0.003,0.02192134107027724,5.524177949709864
4653,0.17212077259850986,0.12921917819326473,1.3320064018754247,-0.32467239769228406,0.37115839243498816,0.11860510007491447,3.9985279076716918,0.4421632722823152,D100,10,20,0.005,0.02192134107027724,5.524177949709864
4653,0.16383450567394509,0.1293980922737311,1.2661276746442798,-0.3327725362438302,0.3698689017837954,0.11032329988406087,3.692954042838468,0.44212636672734373,D100,10,20,0.008,0.02192134107027724,5.524177949709864
4653,0.15831032772423523,0.12956937808194335,1.221818998190416,-0.338125281645259,0.3694390715667311,0.10480209975682514,3.490989623022762,0.4421017630240294,D100,10,20,0.01,0.02192134107027724,5.524177949709864
4672,0.23235489235905904,0.11681356446656592,1.989108828414898,-0.1808909760645292,0.3891267123287671,0.18953479067239254,7.02595437012853,0.35625691125892534,D100,20,1,0.0,0.1014554794520548,25.56678082191781
4672,0.19400472112618228,0.11685162855984049,1.6602654453106849,-0.22975954386796738,0.385916095890411,0.15115702408121945,5.269847540417302,0.3564865005575144,D100,20,1,0.003,0.1014554794520548,25.56678082191781
4672,0.16843794030426446,0.11712248768738943,1.438134927204079,-0.26079854893038823,0.3809931506849315,0.12557184635377075,4.202815348507297,0.35663956008990705,D100,20,1,0.005,0.1014554794520548,25.56678082191781
4672,0.13008776907138778,0.11789361705948127,1.103433521814452,-0.3060456482741918,0.3762842465753425,0.08719407976259767,2.746945007906951,0.3568691493884962,D100,20,1,0.008,0.1014554794520548,25.56678082191781
4672,0.10452098824946995,0.11864724191239515,0.8809390472527335,-0.33469617764339143,0.3737157534246575,0.06160890203514894,1.8654232214535882,0.35702220892088893,D100,20,1,0.01,0.1014554794520548,25.56678082191781
4668,0.17163868921779604,0.12287181472749456,1.3968922783345945,-0.2263483747082634,0.38131962296486716,0.12324428293631809,4.593749099541246,0.3961727534959743,D100,20,5,0.0,0.049271636675235646,12.416452442159382
4668,0.15301401055455696,0.12293493718193743,1.244674736589356,-0.24481165298968222,0.3796058269065981,0.10465252794172387,3.7894376029310135,0.39590322936158695,D100,20,5,0.003,0.049271636675235646,12.416452442159382
4668,0.1405975581123976,0.1230969566541424,1.1421692455600307,-0.2575643528949553,0.3783204798628963,0.09225802461199442,3.276545425695298,0.3957235466053287,D100,20,5,0.005,0.049271636675235646,12.416452442159382
4668,0.12197287944915851,0.12351894868710388,0.9874831412153463,-0.2763139428530853,0.3751071122536418,0.07366626961740014,2.5412812489643453,0.39545402247094125,D100,20,5,0.008,0.049271636675235646,12.416452442159382
4668,0.10955642700699912,0.12391863724580177,0.8840996757387339,-0.2885650980403064,0.37382176520994004,0.06127176628767064,2.0731851907910186,0.3952743397146829,D100,20,5,0.01,0.049271636675235646,12.416452442159382
4663,0.18774005346023848,0.12780882035426291,1.4689131230525174,-0.20569969000733312,0.3909500321681321,0.13563373774550183,5.1417270565107005,0.4271767857969066,D100,20,10,0.0,0.030452498391593395,7.674029594681535
4663,0.1762290090682162,0.1279261859273948,1.3775835478143306,-0.2218847072086314,0.39052112374008147,0.12407986817898793,4.617431106558263,0.42752787414655447,D100,20,10,0.003,0.030452498391593395,7.674029594681535
4663,0.16855497947353468,0.1280770218791076,1.316043869544643,-0.2342873777603971,0.3898777610980056,0.11637728846797867,4.276931749536948,0.42776193304631965,D100,20,10,0.005,0.030452498391593395,7.674029594681535
4663,0.15704393508151238,0.1284116525487946,1.222972619418926,-0.2525443453737428,0.38816212738580314,0.10482341890146475,3.7798812103831474,0.4281130213959674,D100,20,10,0.008,0.030452498391593395,7.674029594681535
4663,0.1493699054868308,0.1287065525087045,1.160546239296782,-0.2644880668805013,0.3870898563156766,0.09712083919045551,3.4576818368135838,0.42834708029573265,D100,20,10,0.01,0.030452498391593395,7.674029594681535
4653,0.1767860275977292,0.13159612409701785,1.3433984382959152,-0.2554150060759024,0.3913604126370084,0.12146835997000835,4.159914436302114,0.45705192105199166,D100,20,20,0.0,0.019342359767891684,4.8742746615087045
4653,0.16947461560546612,0.13157076588649882,1.288087170912006,-0.2598873156895981,0.3905007522028799,0.11416550782680149,3.873611307399437,0.4569811968941804,D100,20,20,0.003,0.019342359767891684,4.8742746615087045
4653,0.16460034094395742,0.13159927822952244,1.2507693291210749,-0.26285764212277896,0.3900709219858156,0.10929693973133026,3.6849798170418313,0.4569340474556393,D100,20,20,0.005,0.019342359767891684,4.8742746615087045
4653,0.15728892895169436,0.1317101144773749,1.1942053924697893,-0.26729635684104724,0.38878143133462284,0.10199408758812344,3.405538080965118,0.456863323297828,D100,20,20,0.008,0.019342359767891684,4.8742746615087045
4653,0.15241465429018566,0.13182929477631702,1.1561516319176033,-0.27796925012302387,0.38835160111755856,0.0971255194926522,3.2216583433461787,0.45681617385928697,D100,20,20,0.01,0.019342359767891684,4.8742746615087045
4672,0.29109831728249125,0.12619480577951914,2.3067377098791435,-0.24047910843851827,0.3756421232876712,0.2400760908975575,10.308491300754975,0.4244973753322553,D000,1,1,0.0,0.4336472602739726,109.2791095890411
4672,0.1271796528989296,0.12728521821211558,0.9991706396495307,-0.3098492114530962,0.3625856164383562,0.0760029638130355,3.053322982509213,0.42578248215314696,D000,1,1,0.003,0.4336472602739726,109.2791095890411
4672,0.017900543309888516,0.1286100749851184,0.13918461140746405,-0.4862962702575454,0.3493150684931507,-0.03337912090997908,-1.2819573611263642,0.4266392200337415,D000,1,1,0.005,0.4336472602739726,109.2791095890411
4672,-0.14601812107367312,0.13145808250243915,-1.110758032477492,-0.9591187127881962,0.3300513698630137,-0.1974522479945009,-7.089071839673549,0.4279243268546334,D000,1,1,0.008,0.4336472602739726,109.2791095890411
4672,-0.25529723066271426,0.13390209457995791,-1.9065962445439328,-0.9944118326039385,0.3178510273972603,-0.3068343327175155,-10.53744057253598,0.42878106473522803,D000,1,1,0.01,0.4336472602739726,109.2791095890411
4668,0.16018194778317305,0.12506173504923265,1.280823008893286,-0.42288169603503534,0.35025706940874035,0.10960182825983719,3.97287534457047,0.41406573121622986,D000,1,5,0.0,0.09490145672664953,23.91516709511568
4668,0.1243091971404995,0.1250509238693622,0.9940686025667627,-0.4548543503940745,0.3485432733504713,0.07375875037721635,2.6401899117988115,0.41382282010403393,D000,1,5,0.003,0.09490145672664953,23.91516709511568
4668,0.10039403004538383,0.12525995544289079,0.8014854363504548,-0.4752041804990498,0.34575835475578404,0.04986336512213579,1.768343402626828,0.41366087936256984,D000,1,5,0.005,0.09490145672664953,23.91516709511568
4668,0.06452127940271031,0.12589570716041235,0.5124978512611184,-0.504348950110249,0.3412596401028278,0.014020287239514973,0.4897147719013484,0.41341796825037397,D000,1,5,0.008,0.09490145672664953,23.91516709511568
4668,0.04060611230759462,0.1265318262846681,0.320916195552572,-0.5228967401160758,0.33868894601542415,-0.009875098015565624,-0.3411876739195256,0.41325602750890994,D000,1,5,0.01,0.09490145672664953,23.91516709511568
4663,0.13875179437567664,0.13157060154064093,1.0545805274958593,-0.3577710057860678,0.35556508685395666,0.08315199144721701,3.2233142595356528,0.4558170114338677,D000,1,10,0.0,0.0458932018014154,11.56508685395668
4663,0.12140416409474164,0.13157818955646547,0.922676961158842,-0.3748784463552254,0.35449281578383013,0.06572873463293126,2.5116700335044735,0.4564370111209422,D000,1,10,0.003,0.0458932018014154,11.56508685395668
4663,0.10983907724078495,0.13168805142794196,0.8340853710701879,-0.3860433138751326,0.3527771820716277,0.05411323009007407,2.047189373633314,0.4568503442456586,D000,1,10,0.005,0.0458932018014154,11.56508685395668
4663,0.09249144695984993,0.1320095257073921,0.7006422185385575,-0.4024380864364192,0.34998927728929874,0.036689973275788317,1.3664513472588338,0.4574703439327331,D000,1,10,0.008,0.0458932018014154,11.56508685395668
4663,0.08092636010589324,0.132327704104983,0.6115602220506283,-0.4131372725227658,0.3489170062191722,0.025074468732931125,0.9237833094580545,0.4578836770574495,D000,1,10,0.01,0.0458932018014154,11.56508685395668
4653,0.12348064485861647,0.14390170048705705,0.8580902410512007,-0.47450516473709947,0.3552546744036106,0.05636918442663287,1.7699094703358893,0.5544959364785607,D000,1,20,0.0,0.02278100150440576,5.740812379110252
4653,0.11486942628995109,0.14386301224873252,0.7984639310300772,-0.47924857798913323,0.3548248441865463,0.04775694042386454,1.4996133377484446,0.5545044089367603,D000,1,20,0.003,0.02278100150440576,5.740812379110252
4653,0.10912861391084083,0.1438859698241815,0.75843818576744,-0.4823909882347983,0.35353535353535354,0.042015444422018974,1.3191082947999642,0.5545100572422267,D000,1,20,0.005,0.02278100150440576,5.740812379110252
4653,0.10051739534217546,0.14399348415442934,0.6980690545300864,-0.4870749655973917,0.35224586288416077,0.03340320041925061,1.0481231870296905,0.5545185297004264,D000,1,20,0.008,0.02278100150440576,5.740812379110252
4653,0.0947765829630652,0.14411379421212397,0.6576510144723666,-0.4901779514114568,0.3516011175585644,0.027661704417405047,0.8674512746899214,0.5545241780058927,D000,1,20,0.01,0.02278100150440576,5.740812379110252
4672,0.29160623821382164,0.12383960458842859,2.354709054368775,-0.14761733617713546,0.3959760273972603,0.24269806999231486,10.803442663067607,0.4069087241647419,D000,3,1,0.0,0.2679794520547945,67.53082191780821
4672,0.1903100053371093,0.12448469644057909,1.5287823385419181,-0.18276289028100257,0.3880565068493151,0.14122059298186704,5.893049490351149,0.40841664854429816,D000,3,1,0.003,0.2679794520547945,67.53082191780821
4672,0.12277918341930108,0.12540672085055785,0.9790478738823903,-0.22926183030488068,0.3782106164383562,0.07356894164156846,2.93770291101452,0.40942193146400185,D000,3,1,0.005,0.2679794520547945,67.53082191780821
4672,0.02148295054258875,0.12750635910010452,0.1684853264904428,-0.4419335768881727,0.3660102739726027,-0.02790853536887925,-1.0428431982278226,0.4109298558435581,D000,3,1,0.008,0.2679794520547945,67.53082191780821
4672,-0.04604787137521948,0.12936576154330123,-0.35595099372414984,-0.8064481122249343,0.3585188356164384,-0.0955601867091778,-3.417108350104973,0.41193513876326204,D000,3,1,0.01,0.2679794520547945,67.53082191780821
4668,0.1451256476391363,0.12615775279566735,1.1503506080533195,-0.3723172167425389,0.36889460154241643,0.09393173027795675,3.777985654790117,0.4190904850709224,D000,3,5,0.0,0.09254498714652956,23.32133676092545
4668,0.11014364249774812,0.12613600696702978,0.8732133285822038,-0.4097169106944786,0.3671808054841474,0.058906804371375444,2.316289941666181,0.4194418487725414,D000,3,5,0.003,0.09254498714652956,23.32133676092545
4668,0.08682230573682265,0.1263311271702154,0.6872598043065068,-0.433432680615255,0.36418166238217653,0.035556853766987896,1.3760837919490163,0.4196760912402873,D000,3,5,0.005,0.09254498714652956,23.32133676092545
4668,0.05184030059543448,0.12693630034192308,0.40839618340690886,-0.4672728370436945,0.35989717223650386,0.0005319278604065928,0.020079721882273714,0.4200274549419063,D000,3,5,0.008,0.09254498714652956,23.32133676092545
4668,0.02851896383450903,0.1275457712973976,0.22359787819238286,-0.48872874941180666,0.3575407026563839,-0.022818022743980954,-0.846664074138683,0.4202616974096521,D000,3,5,0.01,0.09254498714652956,23.32133676092545
4663,0.13646450604212557,0.1339146938028388,1.0190405710297992,-0.36133731323703266,0.37722496247051257,0.07897341077966213,2.84211648053605,0.4713221602658275,D000,3,10,0.0,0.04267638859103581,10.754449924941024
4663,0.120332831154714,0.13393661418728622,0.8984311861613153,-0.3802661698423505,0.37658159982843664,0.06278278316895206,2.235329096843602,0.4718054651110694,D000,3,10,0.003,0.04267638859103581,10.754449924941024
4663,0.109578381229773,0.13404728692560242,0.8174606420090405,-0.3925879860937017,0.3752948745442848,0.05198903142847871,1.8370283290453264,0.47212766834123066,D000,3,10,0.005,0.04267638859103581,10.754449924941024
4663,0.09344670634236146,0.13435691000075642,0.6955109814734156,-0.4106352010818901,0.3735792408320823,0.035798403817768665,1.2498449783261187,0.4726109731864725,D000,3,10,0.008,0.04267638859103581,10.754449924941024
4663,0.08269225641742042,0.13465855436339466,0.6140884016492854,-0.42238240385054926,0.3720780613339052,0.025004652077295273,0.8657094551727367,0.4729331764166337,D000,3,10,0.01,0.04267638859103581,10.754449924941024
4653,0.1310059950370026,0.14739505969257397,0.8888085890412171,-0.47450516473709947,0.3771760154738878,0.06070049965447937,2.0915986650164666,0.5808860550908606,D000,3,20,0.0,0.020631850419084462,5.199226305609284
4653,0.12320715557858869,0.14736108781831214,0.8360901605890431,-0.47924857798913323,0.3765312701482914,0.052894832578641464,1.8187096948360577,0.5809424670075894,D000,3,20,0.003,0.020631850419084462,5.199226305609284
4653,0.11800792927297939,0.14738163799647883,0.8006962799246321,-0.4823909882347983,0.3754566946056308,0.04769105452808283,1.6370314011020086,0.5809800749520753,D000,3,20,0.005,0.020631850419084462,5.199226305609284
4653,0.11020908981456545,0.147477224288677,0.7472956610495896,-0.4870749655973917,0.37438211906297014,0.03988538745224487,1.3651546364898348,0.581036486868804,D000,3,20,0.008,0.020631850419084462,5.199226305609284
4653,0.10500986350895618,0.1475840572538942,0.7115257939297868,-0.4901779514114568,0.37395228884590587,0.034681609401686235,1.1844843876305615,0.58107409481329,D000,3,20,0.01,0.020631850419084462,5.199226305609284
4672,0.266997855504472,0.12101054377156902,2.2064015843816267,-0.17942591392920393,0.3955479452054795,0.2206347224696337,9.456796889100382,0.3857344079222814,D000,5,1,0.0,0.2127568493150685,53.61472602739726
4672,0.18657576646337617,0.12145449243709723,1.5361783884610614,-0.2352773855519742,0.3897688356164384,0.14008828037421406,5.593833102582705,0.3867690069375566,D000,5,1,0.003,0.2127568493150685,53.61472602739726
4672,0.1329610404359789,0.12218222964472003,1.0882191364701836,-0.28738356355884,0.3814212328767123,0.08639065231060095,3.289225354820189,0.38745873961440647,D000,5,1,0.005,0.2127568493150685,53.61472602739726
4672,0.052538951394883,0.12390627802940256,0.4240217060060159,-0.39608610857630855,0.3720034246575342,0.005844210215181277,0.20727315983545205,0.3884933386296815,D000,5,1,0.008,0.2127568493150685,53.61472602739726
4672,-0.0010757746325142507,0.1254637539404246,-0.00857438581843385,-0.6264414113033101,0.3651541095890411,-0.0478534178484318,-1.6200165481743982,0.38918307130653146,D000,5,1,0.01,0.2127568493150685,53.61472602739726
4668,0.15620491943965714,0.1257971289837767,1.2417208620063336,-0.280476756599663,0.37724935732647813,0.10561053022752936,3.9675207483346404,0.414182547648843,D000,5,5,0.0,0.0824764353041988,20.7840616966581
4668,0.12502882689467,0.1258439219884258,0.9935229681268931,-0.3152167198122129,0.37574978577549273,0.0743727734019389,2.7098890307481147,0.41468735202017626,D000,5,5,0.003,0.0824764353041988,20.7840616966581
4668,0.10424476519801189,0.12606437883036778,0.8269168988512104,-0.33746712544565705,0.37296486718080546,0.0535476021848786,1.9111924931652433,0.4150238882677318,D000,5,5,0.005,0.0824764353041988,20.7840616966581
4668,0.07306867265302473,0.12667698012816253,0.5768109768570359,-0.3695336750538677,0.36889460154241643,0.022309845359288056,0.7717550895923272,0.4155286926390651,D000,5,5,0.008,0.0824764353041988,20.7840616966581
4668,0.05228461095636665,0.12727121420522639,0.4108125414129945,-0.3900697349687997,0.36632390745501286,0.0014846741422277754,0.05029339630819591,0.4158652288866207,D000,5,5,0.01,0.0824764353041988,20.7840616966581
4663,0.16736202670407715,0.13317175163999315,1.256738194422129,-0.35355459632658504,0.3941668453785117,0.1108854896099067,3.862332487478371,0.4630046330833628,D000,5,10,0.0,0.03945957538065623,9.94381299592537
4663,0.1524463072101891,0.13322074627819402,1.1443135657853765,-0.37459466281738274,0.3935234827364358,0.09592348320447157,3.2909292048540726,0.46338410136523894,D000,5,10,0.003,0.03945957538065623,9.94381299592537
4663,0.14250249421426375,0.13334298687774188,1.068691331662759,-0.3882564744618755,0.39245121166630925,0.08594881226751477,2.9183961840385186,0.463637080219823,D000,5,10,0.005,0.03945957538065623,9.94381299592537
4663,0.1275867747203757,0.13366022249382487,0.954560544190851,-0.4082163019532906,0.39052112374008147,0.07098680586207963,2.37253350488952,0.46401654850169904,D000,5,10,0.008,0.03945957538065623,9.94381299592537
4663,0.1176429617244503,0.13396046955489613,0.8781916196273182,-0.42117582913680063,0.38923439845592966,0.06101213492512285,2.0173903602483603,0.464269527356283,D000,5,10,0.01,0.03945957538065623,9.94381299592537
4653,0.1648777301751118,0.13845460537568752,1.1908432350641343,-0.3616368476867269,0.39608854502471524,0.10360142143999132,3.575543098810996,0.5062840828872384,D000,5,20,0.0,0.02106168063614872,5.307543520309477
4653,0.15691641489464755,0.138449581146487,1.1333830958189874,-0.37232868534914143,0.39544379969911886,0.09562411963615622,3.279706344022498,0.5064161685577113,D000,5,20,0.003,0.02106168063614872,5.307543520309477
4653,0.15160887137433807,0.13849314502695095,1.0947030724505158,-0.3798300722133747,0.3943692241564582,0.09030591843359949,3.0837748216644427,0.50650422567136,D000,5,20,0.005,0.02106168063614872,5.307543520309477
4653,0.14364755609387386,0.13862877244284777,1.0362030447401904,-0.3909281698996707,0.39329464861379754,0.08232861662976439,2.7920817427387346,0.506636311341833,D000,5,20,0.008,0.02106168063614872,5.307543520309477
4653,0.1383400125735644,0.13876593826271713,0.9969306178844382,-0.39822544105824187,0.3928648183967333,0.07701041542720764,2.5992345412866857,0.5067243684554816,D000,5,20,0.01,0.02106168063614872,5.307543520309477
4672,0.2507470383364186,0.11951745098535232,2.097995198769336,-0.17115051632548606,0.4023972602739726,0.2059420923618052,8.391578807863823,0.3727705220982497,D000,10,1,0.0,0.144263698630137,36.35445205479452
4672,0.1962153602542268,0.11972419021020302,1.6388948625146362,-0.2154524723024468,0.3987585616438356,0.15130569426824772,5.7918576114338,0.3736417771006116,D000,10,1,0.003,0.144263698630137,36.35445205479452
4672,0.1598609081994323,0.12018588389305997,1.33011384549682,-0.24478950852745263,0.3921232876712329,0.1148814288725427,4.216954244168821,0.3742226137688526,D000,10,1,0.005,0.144263698630137,36.35445205479452
4672,0.10532923011724053,0.12135683315209324,0.8679299498960579,-0.30933291023869425,0.3872003424657534,0.06024503077898526,2.0772531394167455,0.37509386877121453,D000,10,1,0.008,0.144263698630137,36.35445205479452
4672,0.068974778062446,0.12244928885503163,0.5632925981636825,-0.3600745307644151,0.3824914383561644,0.023820765383280287,0.788192084928144,0.3756747054394557,D000,10,1,0.01,0.144263698630137,36.35445205479452
4668,0.15472914154912043,0.12602229955194652,1.2277917646260768,-0.3021804453346444,0.38217652099400173,0.10394295221146596,3.7132118865038812,0.4157526874581596,D000,10,5,0.0,0.06876606683804627,17.32904884318766
4668,0.12873556828433894,0.12608412977671155,1.0210291216850444,-0.32988241934582163,0.380248500428449,0.07794854864258982,2.713832469591821,0.4157594846044559,D000,10,5,0.003,0.06876606683804627,17.32904884318766
4668,0.11140651944115128,0.12628520018807385,0.8821819126487978,-0.34775877192840876,0.3781062553556127,0.060618946263339114,2.0741585932139666,0.4157640160353199,D000,10,5,0.005,0.06876606683804627,17.32904884318766
4668,0.08541294617636978,0.1268250606320593,0.6734705723829064,-0.37371499012529574,0.3744644387317909,0.03462454269446299,1.1540149098733872,0.41577081318161613,D000,10,5,0.008,0.06876606683804627,17.32904884318766
4668,0.06808389733318214,0.12734223293830077,0.5346529251310507,-0.3904634200019813,0.3725364181662382,0.017294940315212233,0.5663691859154033,0.4157753446124803,D000,10,5,0.01,0.06876606683804627,17.32904884318766
4663,0.19110744444469113,0.12929536844081227,1.4780687564394441,-0.27883763586526,0.3941668453785117,0.13801869016757734,4.635572044346072,0.4352309907730706,D000,10,10,0.0,0.03602830795625134,9.079133604975336
4663,0.17748874403722814,0.1294113845801385,1.3715079597754984,-0.29812238535346436,0.3935234827364358,0.12433409317679836,4.101153851409389,0.43577122261003276,D000,10,10,0.003,0.03602830795625134,9.079133604975336
4663,0.1684096104322528,0.12957314791584798,1.2997261634920485,-0.31070717673065607,0.3926656658803345,0.11521102851627911,3.754290093549055,0.43613137716800765,D000,10,10,0.005,0.03602830795625134,9.079133604975336
4663,0.15479091002478979,0.12994179122876606,1.1912326939704578,-0.32918544781130754,0.39052112374008147,0.10152643152550016,3.2481088973598498,0.4366716090049698,D000,10,10,0.008,0.03602830795625134,9.079133604975336
4663,0.14571177641981445,0.1302709976744268,1.118528137659445,-0.3412433007047262,0.38966330688398026,0.09240336686498087,2.920020741651505,0.43703176356294454,D000,10,10,0.01,0.03602830795625134,9.079133604975336
4653,0.1864510963678952,0.132659264265648,1.4054886961722475,-0.3286656232866778,0.39329464861379754,0.13015458945816216,4.291447182561734,0.4651393982257512,D000,10,20,0.0,0.020631850419084462,5.199226305609284
4653,0.1786522569094813,0.13266853596934472,1.3466060781040194,-0.3366904722004096,0.39264990328820115,0.12233915668958303,4.006417125413348,0.465276497359045,D000,10,20,0.003,0.020631850419084462,5.199226305609284
4653,0.173453030603872,0.13272269245107665,1.3068830009443118,-0.341993624556152,0.39179024285407266,0.11712886817719699,3.817867827729938,0.46536789678124085,D000,10,20,0.005,0.020631850419084462,5.199226305609284
4653,0.16565419114545807,0.13287577287210076,1.246684685739575,-0.3498787933146964,0.390715667311412,0.10931343540861792,3.537422044204853,0.4655049959145347,D000,10,20,0.008,0.020631850419084462,5.199226305609284
4653,0.16045496483984878,0.13302559500964856,1.2061961822325302,-0.35508952427745677,0.3902858370943477,0.10410314689623187,3.352137255565943,0.46559639533673064,D000,10,20,0.01,0.020631850419084462,5.199226305609284
4672,0.2267297174784632,0.1207506019306786,1.8776694596406724,-0.17466445565575983,0.4092465753424658,0.18133257864297617,7.180990093040089,0.3776974790921451,D000,20,1,0.0,0.09460616438356165,23.840753424657535
4672,0.1909685873414769,0.12083025767105707,1.5804699172401115,-0.22392419230300387,0.4060359589041096,0.1455552736297956,5.429661483668265,0.37783205166918277,D000,20,1,0.003,0.09460616438356165,23.840753424657535
4672,0.16712783391681937,0.12110637789888538,1.3800085248718974,-0.2552109787190091,0.4011130136986301,0.12170373695434177,4.36303164020651,0.3779217667205411,D000,20,1,0.005,0.09460616438356165,23.840753424657535
4672,0.13136670377983306,0.12185205071050538,1.078083651558171,-0.3008179265122676,0.3968321917808219,0.08592643194116122,2.904069206391073,0.37805633929757876,D000,20,1,0.008,0.09460616438356165,23.840753424657535
4672,0.10752595035517552,0.12256702379859724,0.8772828695902963,-0.3296957107094839,0.3929794520547945,0.06207489526570746,2.0183939270145244,0.3781460543489371,D000,20,1,0.01,0.09460616438356165,23.840753424657535
4668,0.17672016702041887,0.1259296518759021,1.403324510057159,-0.23442654892382864,0.4003856041131105,0.1260992552778643,4.640582936664011,0.41439966993044963,D000,20,5,0.0,0.04670094258783205,11.768637532133676
4668,0.1590672107222183,0.12596874382887177,1.2627514245780742,-0.2473066731141913,0.3991002570694087,0.10847405981981037,3.881080764598614,0.41417241043239433,D000,20,5,0.003,0.04670094258783205,11.768637532133676
4668,0.14729857319008466,0.12610607760696774,1.1680529280211787,-0.2577951295811173,0.39802913453299055,0.09672392951444109,3.3962107833099853,0.4140209041003575,D000,20,5,0.005,0.04670094258783205,11.768637532133676
4668,0.12964561689188414,0.12647826205300455,1.0250426815443765,-0.27327361119485416,0.3950299914310197,0.0790987340563871,2.7001894279370293,0.41379364460230217,D000,20,5,0.008,0.04670094258783205,11.768637532133676
4668,0.11787697935975046,0.12683641564788511,0.9293622715340109,-0.29037388591050484,0.39374464438731793,0.06734860375101778,2.256416939382871,0.41364213827026525,D000,20,5,0.01,0.04670094258783205,11.768637532133676
4663,0.18096793133819808,0.1306658283395945,1.3849675438315114,-0.22489499897713372,0.4100364572163843,0.12640758920316553,4.606189761876984,0.447295328129122,D000,20,10,0.0,0.029594681535492173,7.4578597469440275
4663,0.16978114171778202,0.1307450792582235,1.298566207470506,-0.23878470704194343,0.4093930945743084,0.11520026293773918,4.123997359272189,0.44746369117468004,D000,20,10,0.003,0.029594681535492173,7.4578597469440275
4663,0.162323281970838,0.13086704653113082,1.2403678869013395,-0.24791735688913163,0.40874973193223246,0.10772871209412165,3.810509760135095,0.4475759332050521,D000,20,10,0.005,0.029594681535492173,7.4578597469440275
4663,0.15113649235042192,0.1311533116846098,1.1523650482716483,-0.2614281391752342,0.40703409822003,0.09652138582869536,3.352407687638621,0.44774429625061013,D000,20,10,0.008,0.029594681535492173,7.4578597469440275
4663,0.1436786326034779,0.13141268119570526,1.0933391762207918,-0.27031133115833483,0.4059618271499035,0.08904983498507783,3.0551436084718153,0.44785653828098204,D000,20,10,0.01,0.029594681535492173,7.4578597469440275
4653,0.1665256814875369,0.13436187686707746,1.2393819241768909,-0.25541500607590206,0.40683430045132174,0.10879911208229882,3.5838150390745653,0.47695502312146626,D000,20,20,0.0,0.017623038899634645,4.441005802707931
4653,0.15986417278347503,0.13433967503823488,1.1899996984358905,-0.2598873156895971,0.40618955512572535,0.10213316768802908,3.331372882732175,0.4769916721852762,D000,20,20,0.003,0.017623038899634645,4.441005802707931
4653,0.1554231669807671,0.13436547316113323,1.1567195301309374,-0.26285764212278007,0.4057597249086611,0.09768920475851586,3.165256403035104,0.4770161048944829,D000,20,20,0.005,0.017623038899634645,4.441005802707931
4653,0.14876165827670518,0.1344650226229496,1.1063223385150833,-0.2672963568410467,0.4046851493660004,0.09102326036424604,2.919452419938392,0.47705275395829294,D000,20,20,0.008,0.017623038899634645,4.441005802707931
4653,0.14432065247399728,0.13457188709182116,1.0724428080251587,-0.27796925012302276,0.4044702342574683,0.08657929743473289,2.757882633026112,0.47707718666749954,D000,20,20,0.01,0.017623038899634645,4.441005802707931
