src_code,src_name,dst_code,dst_name,n,beta,t,p,abs_t
DC00,IP設計/IC設計代工服務,D100,IC設計,4245,0.0589507834169641,2.0136559221271346,0.0440456707741065,2.0136559221271346
DC00,IP設計/IC設計代工服務,D300,IC/晶圓製造,4245,0.07730146892289218,3.1181318771104927,0.0018200134604318618,3.1181318771104927
DC00,IP設計/IC設計代工服務,D400,生產製程及檢測設備,4245,0.07988306221077951,3.921087651770188,8.815018897706925e-05,3.921087651770188
DC00,IP設計/IC設計代工服務,D500,化學品,4245,0.07537101869150381,3.8243802568727747,0.00013110144337592644,3.8243802568727747
DC00,IP設計/IC設計代工服務,D600,生產製程及檢測設備,4245,0.07863758959070537,3.9148208830659117,9.047134524120529e-05,3.9148208830659117
DC00,IP設計/IC設計代工服務,D700,基板,4245,0.0799347825295821,3.5851457245629366,0.0003368900422277165,3.5851457245629366
DC00,IP設計/IC設計代工服務,D800,導線架,4245,0.0652564195704728,2.861826298748063,0.004212076817435643,2.861826298748063
DC00,IP設計/IC設計代工服務,D900,IC封裝測試,4245,0.07325772244851286,3.4575279842443227,0.0005451556198177414,3.4575279842443227
DC00,IP設計/IC設計代工服務,DA00,IC模組,4245,0.08227332575258121,3.6102068618605303,0.00030595290177660105,3.6102068618605303
DC00,IP設計/IC設計代工服務,DB00,IC通路,4245,0.06614091472220794,3.6263117994208063,0.000287498180904016,3.6263117994208063
D100,IC設計,DC00,IP設計/IC設計代工服務,4245,0.1314648641438236,2.094127609526363,0.03624861418623001,2.094127609526363
D100,IC設計,D300,IC/晶圓製造,4245,0.13110943957994198,2.888977433787754,0.003864968093954314,2.888977433787754
D100,IC設計,D400,生產製程及檢測設備,4245,0.13061463203625576,3.9833634015945623,6.794673338110345e-05,3.9833634015945623
D100,IC設計,D500,化學品,4245,0.11042460842929946,3.3461424390257952,0.0008194428944585393,3.3461424390257952
D100,IC設計,D600,生產製程及檢測設備,4245,0.13419325863593531,4.011941537197769,6.0221415584678593e-05,4.011941537197769
D100,IC設計,D700,基板,4245,0.15283620084986288,3.946920053564798,7.916297567584534e-05,3.946920053564798
D100,IC設計,D800,導線架,4245,0.15225361502490173,3.9382140331605617,8.209035384018832e-05,3.9382140331605617
D100,IC設計,D900,IC封裝測試,4245,0.12970233954316937,3.378037865254642,0.000730050273045468,3.378037865254642
D100,IC設計,DA00,IC模組,4245,0.156203959346501,3.8886270708081954,0.00010081288441718705,3.8886270708081954
D100,IC設計,DB00,IC通路,4245,0.11649351807330066,3.7312318501226307,0.00019054575821112344,3.7312318501226307
D300,IC/晶圓製造,DC00,IP設計/IC設計代工服務,4245,0.06983407472409596,1.5126192092767605,0.1303764119340127,1.5126192092767605
D300,IC/晶圓製造,D100,IC設計,4245,0.006974320317753798,0.17292330847157747,0.8627117101337729,0.17292330847157747
D300,IC/晶圓製造,D400,生產製程及檢測設備,4245,0.06268502425386026,2.036741278797682,0.04167597558713672,2.036741278797682
D300,IC/晶圓製造,D500,化學品,4245,0.02584604244772671,0.9047674211531511,0.3655886144990629,0.9047674211531511
D300,IC/晶圓製造,D600,生產製程及檢測設備,4245,0.06782493550374225,2.3600299049020284,0.018273461921739113,2.3600299049020284
D300,IC/晶圓製造,D700,基板,4245,0.04952365193831554,1.5374127056916875,0.12419227692753708,1.5374127056916875
D300,IC/晶圓製造,D800,導線架,4245,0.09515732981796816,2.8414188721788447,0.004491327776477157,2.8414188721788447
D300,IC/晶圓製造,D900,IC封裝測試,4245,0.07083457651245109,2.14300265586262,0.03211288511069812,2.14300265586262
D300,IC/晶圓製造,DA00,IC模組,4245,0.07194098053791362,2.283969852210083,0.022373302799136283,2.283969852210083
D300,IC/晶圓製造,DB00,IC通路,4245,0.04553832574096275,1.7417214837749204,0.08155719135331431,1.7417214837749204
D400,生產製程及檢測設備,DC00,IP設計/IC設計代工服務,4245,-0.09340670065163383,-1.5471720688171897,0.1218217592527247,1.5471720688171897
D400,生產製程及檢測設備,D100,IC設計,4245,-0.06578871937273495,-1.3453953506964016,0.17849759588740144,1.3453953506964016
D400,生產製程及檢測設備,D300,IC/晶圓製造,4245,-0.06723733725436738,-1.3859454843579122,0.16576355059127712,1.3859454843579122
D400,生產製程及檢測設備,D500,化學品,4245,0.026450041374019833,0.7101071399011738,0.4776376990504966,0.7101071399011738
D400,生產製程及檢測設備,D600,生產製程及檢測設備,4245,0.058264909878910975,1.17146514776757,0.2414118589840718,1.17146514776757
D400,生產製程及檢測設備,D700,基板,4245,-0.004637964170198115,-0.10595157100124362,0.915620776561122,0.10595157100124362
D400,生產製程及檢測設備,D800,導線架,4245,-0.002232079077527059,-0.04815927050120949,0.9615893099315697,0.04815927050120949
D400,生產製程及檢測設備,D900,IC封裝測試,4245,-0.011186427370134686,-0.26881573881567195,0.7880714811835977,0.26881573881567195
D400,生產製程及檢測設備,DA00,IC模組,4245,-0.021928700271640796,-0.5000593237127936,0.6170333064268453,0.5000593237127936
D400,生產製程及檢測設備,DB00,IC通路,4245,0.011668989497262762,0.3405425782242171,0.7334479639051614,0.3405425782242171
D500,化學品,DC00,IP設計/IC設計代工服務,4245,-0.01673478311392333,-0.28322401185919815,0.7770051228085127,0.28322401185919815
D500,化學品,D100,IC設計,4245,0.004421994503409462,0.08816858626980059,0.929742684581238,0.08816858626980059
D500,化學品,D300,IC/晶圓製造,4245,-0.0017835727771392793,-0.03571838447022851,0.9715069112178069,0.03571838447022851
D500,化學品,D400,生產製程及檢測設備,4245,-0.056411178942824075,-1.413964230067607,0.1573724053002914,1.413964230067607
D500,化學品,D600,生產製程及檢測設備,4245,-0.02730735785605702,-0.7173445528709689,0.47316152308560344,0.7173445528709689
D500,化學品,D700,基板,4245,-0.00515357470858025,-0.12046550638568114,0.9041144025357831,0.12046550638568114
D500,化學品,D800,導線架,4245,0.0033959000874153643,0.07540887607729023,0.9398893972313661,0.07540887607729023
D500,化學品,D900,IC封裝測試,4245,-0.008464381077822845,-0.2033394919478693,0.8388696901218671,0.2033394919478693
D500,化學品,DA00,IC模組,4245,-0.05099010696664972,-1.1511910265893872,0.24965365604248846,1.1511910265893872
D500,化學品,DB00,IC通路,4245,-0.03244283962099582,-0.9197018040812456,0.3577286096207919,0.9197018040812456
D600,生產製程及檢測設備,DC00,IP設計/IC設計代工服務,4245,-0.16885023887449627,-2.458577639317502,0.01394886121834744,2.458577639317502
D600,生產製程及檢測設備,D100,IC設計,4245,-0.1064331030298597,-1.9758662033736327,0.04816993285831541,1.9758662033736327
D600,生產製程及檢測設備,D300,IC/晶圓製造,4245,-0.09396084413298246,-1.7161390172899451,0.08613660148159764,1.7161390172899451
D600,生產製程及檢測設備,D400,生產製程及檢測設備,4245,-0.013986865162468078,-0.24485574096587998,0.8065681322124807,0.24485574096587998
D600,生產製程及檢測設備,D500,化學品,4245,-0.020624730074311554,-0.4874489937576326,0.6259401806925251,0.4874489937576326
D600,生產製程及檢測設備,D700,基板,4245,-0.03556381902396034,-0.733224805762479,0.4634213283098394,0.733224805762479
D600,生產製程及檢測設備,D800,導線架,4245,-0.04481295815608497,-0.906997643759024,0.36440804324773657,0.906997643759024
D600,生產製程及檢測設備,D900,IC封裝測試,4245,-0.05425287190442557,-1.1308804661600962,0.2581054060296978,1.1308804661600962
D600,生產製程及檢測設備,DA00,IC模組,4245,-0.06276444497958196,-1.2744379455990968,0.20250825159216201,1.2744379455990968
D600,生產製程及檢測設備,DB00,IC通路,4245,-0.028101492896041802,-0.7055323900606196,0.48047898236084396,0.7055323900606196
D700,基板,DC00,IP設計/IC設計代工服務,4245,0.0702343191933429,1.6463326172695638,0.09969529766242421,1.6463326172695638
D700,基板,D100,IC設計,4245,0.045823545494366145,1.2395246401830655,0.21515126947602425,1.2395246401830655
D700,基板,D300,IC/晶圓製造,4245,0.03989890402512739,1.059901360579482,0.28918947661930283,1.059901360579482
D700,基板,D400,生產製程及檢測設備,4245,0.05005974707663367,1.732160401550754,0.08324500726748929,1.732160401550754
D700,基板,D500,化學品,4245,0.0415324369889499,1.4669468088284725,0.14239052560877474,1.4669468088284725
D700,基板,D600,生產製程及檢測設備,4245,0.05112905445141961,1.8077949501769883,0.07063842001374954,1.8077949501769883
D700,基板,D800,導線架,4245,0.017588812261708626,0.5158971652822426,0.6059262340458222,0.5158971652822426
D700,基板,D900,IC封裝測試,4245,0.021718967384148583,0.6493624117046007,0.5161041537294566,0.6493624117046007
D700,基板,DA00,IC模組,4245,0.019374213068917984,0.5760078001552779,0.5646099093176502,0.5760078001552779
D700,基板,DB00,IC通路,4245,0.020231457145570193,0.7673848283911064,0.44285274623338033,0.7673848283911064
D800,導線架,DC00,IP設計/IC設計代工服務,4245,-0.015267300492203388,-0.3956214759561434,0.6923842915510443,0.3956214759561434
D800,導線架,D100,IC設計,4245,-0.018916235666979093,-0.5810043565616978,0.5612375173666015,0.5810043565616978
D800,導線架,D300,IC/晶圓製造,4245,-0.004893376452708005,-0.14985203310702938,0.8808813563164912,0.14985203310702938
D800,導線架,D400,生產製程及檢測設備,4245,0.01530849471618975,0.5995198002892297,0.5488263103114427,0.5995198002892297
D800,導線架,D500,化學品,4245,-9.373990560654533e-05,-0.003758560176368405,0.9970011099252029,0.003758560176368405
D800,導線架,D600,生產製程及檢測設備,4245,0.027411343505671083,1.1135704013155472,0.26546353024986646,1.1135704013155472
D800,導線架,D700,基板,4245,0.011032030400048123,0.3696514533816147,0.7116422080539622,0.3696514533816147
D800,導線架,D900,IC封裝測試,4245,0.012816047173649587,0.4738749021728942,0.6355891175106487,0.4738749021728942
D800,導線架,DA00,IC模組,4245,-0.020358530196861742,-0.710389151264054,0.4774628488175824,0.710389151264054
D800,導線架,DB00,IC通路,4245,0.0005327927416828275,0.024095146178405347,0.9807767149885003,0.024095146178405347
D900,IC封裝測試,DC00,IP設計/IC設計代工服務,4245,0.103481727924272,1.4521472739873713,0.14646065963736038,1.4521472739873713
D900,IC封裝測試,D100,IC設計,4245,0.03925932722324605,0.6406038472911804,0.5217800993224313,0.6406038472911804
D900,IC封裝測試,D300,IC/晶圓製造,4245,0.09295990459360629,1.5085882777500321,0.131404031655229,1.5085882777500321
D900,IC封裝測試,D400,生產製程及檢測設備,4245,0.12795475594917988,2.771982418234015,0.0055716045798964945,2.771982418234015
D900,IC封裝測試,D500,化學品,4245,0.10975740101360248,2.526754955827987,0.01151217953262553,2.526754955827987
D900,IC封裝測試,D600,生產製程及檢測設備,4245,0.12053056366439892,2.6103261201794083,0.009045594384082358,2.6103261201794083
D900,IC封裝測試,D700,基板,4245,0.16503623420436098,3.1369180020630867,0.0017073386946624477,3.1369180020630867
D900,IC封裝測試,D800,導線架,4245,0.10462370073422415,2.0123407816896544,0.044184026268669685,2.0123407816896544
D900,IC封裝測試,DA00,IC模組,4245,0.07012147135327451,1.3528853433885581,0.17609226242354736,1.3528853433885581
D900,IC封裝測試,DB00,IC通路,4245,0.09618218706632274,2.4270057996970564,0.015224012480898089,2.4270057996970564
DA00,IC模組,DC00,IP設計/IC設計代工服務,4245,-0.014691672268199412,-0.2896289873888043,0.7721000883250924,0.2896289873888043
DA00,IC模組,D100,IC設計,4245,-0.013518175912012455,-0.3202674464557571,0.7487655984894095,0.3202674464557571
DA00,IC模組,D300,IC/晶圓製造,4245,0.07168845380928197,1.8022020279385345,0.07151362577023072,1.8022020279385345
DA00,IC模組,D400,生產製程及檢測設備,4245,0.06264935855110666,1.9278877608461578,0.05386908841841627,1.9278877608461578
DA00,IC模組,D500,化學品,4245,0.07399714770547339,2.3448875930144295,0.019032816700091444,2.3448875930144295
DA00,IC模組,D600,生產製程及檢測設備,4245,0.08328500320315138,2.6022120439907397,0.009262456319198021,2.6022120439907397
DA00,IC模組,D700,基板,4245,0.061735064813643,1.7095032870461653,0.08735776336213681,1.7095032870461653
DA00,IC模組,D800,導線架,4245,0.07757499738372836,2.1424112057501423,0.0321604069577483,2.1424112057501423
DA00,IC模組,D900,IC封裝測試,4245,0.04212132591113319,1.1494129815894683,0.2503857296493057,1.1494129815894683
DA00,IC模組,DB00,IC通路,4245,0.0628946518528489,1.9985729014351377,0.0456545848320889,1.9985729014351377
DB00,IC通路,DC00,IP設計/IC設計代工服務,4245,-0.023345679701739466,-0.29311026902288306,0.769437867777772,0.29311026902288306
DB00,IC通路,D100,IC設計,4245,0.028028490976912082,0.4085044515466665,0.6829033630509733,0.4085044515466665
DB00,IC通路,D300,IC/晶圓製造,4245,0.08962514459384328,1.3093811014613648,0.19040528984016836,1.3093811014613648
DB00,IC通路,D400,生產製程及檢測設備,4245,0.0509852479239054,0.9577305606075431,0.33819864223227303,0.9577305606075431
DB00,IC通路,D500,化學品,4245,0.08177935613796816,1.5883303878875423,0.11221164946079683,1.5883303878875423
DB00,IC通路,D600,生產製程及檢測設備,4245,0.04804610510633265,0.9104517884134622,0.36258429635870293,0.9104517884134622
DB00,IC通路,D700,基板,4245,0.05337951253999175,0.8940597074447401,0.37128994599798726,0.8940597074447401
DB00,IC通路,D800,導線架,4245,0.027042457151301862,0.45666025282316197,0.6479152640490748,0.45666025282316197
DB00,IC通路,D900,IC封裝測試,4245,0.006111005819132437,0.10252218828168595,0.9183422019387777,0.10252218828168595
DB00,IC通路,DA00,IC模組,4245,0.0049379189152379665,0.0766598214468055,0.9388941682810646,0.0766598214468055
